id_str,_id,id_str,created_at,emotion_label,processed_text,raw_text
1369998411051765761,{'$oid': '604a1b3b5514f1bbec469373'},1369998411051765761,2021-03-11 15:07:29,happy,Join me at 1.30 and 6.30 on BBC1 for East Midlands Today ğŸ˜ https://t.co/64cTyab0I1,Join me at 1.30 and 6.30 on BBC1 for East Midlands Today ğŸ˜ https://t.co/64cTyab0I1
1369998415182979075,{'$oid': '604a1b3b5514f1bbec469374'},1369998415182979075,2021-03-11 15:07:30,happy,go for it sk8 twt ğŸ˜ https://t.co/AbJH2pWyuj,RT @REKIRIOTS: go for it sk8 twt ğŸ˜ https://t.co/AbJH2pWyuj
1369998420690280451,{'$oid': '604a1b3b5514f1bbec469375'},1369998420690280451,2021-03-11 15:07:31,happy, @mj_blackqueen See now youâ€™re getting it ğŸ˜,@tasha_dilan @mj_blackqueen See now youâ€™re getting it ğŸ˜
1369998426218270723,{'$oid': '604a1b3b5514f1bbec469376'},1369998426218270723,2021-03-11 15:07:32,happy,izone top 1 in gg brand reputation and all 12 members will enter top 10 at this rate ğŸ˜,RT @izonesfeather: izone top 1 in gg brand reputation and all 12 members will enter top 10 at this rate ğŸ˜
1369998430005694469,{'$oid': '604a1b3b5514f1bbec469377'},1369998430005694469,2021-03-11 15:07:33,fear,"Dictators are able to spread fear among their people, and place themselves as their only salvation. Manufacturing an exteâ€¦","RT @GilaniTufail: Dictators are able to spread fear among their people, and place themselves as their only salvation. Manufacturing an exteâ€¦"
1369998433222725635,{'$oid': '604a1b3b5514f1bbec469378'},1369998433222725635,2021-03-11 15:07:34,happy,24 hour flash sale! My main page is discounted to only $7.99 for the next 24 hours https://t.co/qvksrMSWM4 . If you enjoyinâ€¦,RT @seachanvnn: 24 hour flash sale! My main page is discounted to only $7.99 for the next 24 hours https://t.co/qvksrMSWM4 . If you enjoyinâ€¦
1369998434858590212,{'$oid': '604a1b3b5514f1bbec469379'},1369998434858590212,2021-03-11 15:07:34,fear,Cracking news ğŸ¤­ The eggs are starting to hatch! We can hear a rattling sound... ğŸ¤” Maybe there is more than one prize inâ€¦,RT @FundamentasHQ: Cracking news ğŸ¤­ The eggs are starting to hatch! We can hear a rattling sound... ğŸ¤” Maybe there is more than one prize inâ€¦
1369998440369823749,{'$oid': '604a1b3b5514f1bbec46937a'},1369998440369823749,2021-03-11 15:07:36,happy, thank you for the idea ğŸ˜,@parkjayed thank you for the idea ğŸ˜
1369998440491548675,{'$oid': '604a1b3b5514f1bbec46937b'},1369998440491548675,2021-03-11 15:07:36,happy,One of my finest moments! And there have been so many ...,RT @campbellclaret: One of my finest moments! And there have been so many ...
1369998443301777409,{'$oid': '604a1b3b5514f1bbec46937c'},1369998443301777409,2021-03-11 15:07:36,happy,"Thank you my dears, you wonâ€™t find a better model. Had a lot of fun x","RT @TomFelton: Thank you my dears, you wonâ€™t find a better model. Had a lot of fun x"
1369998443679260676,{'$oid': '604a1b3b5514f1bbec46937d'},1369998443679260676,2021-03-11 15:07:36,happy,Maâ€™Jozi always come with nice gifts ğŸ˜ #SeriouslyAddictive #KFCSpicyChips  https://t.co/n5OhFpbfF8,RT @tiisetso_real: Maâ€™Jozi always come with nice gifts ğŸ˜ #SeriouslyAddictive #KFCSpicyChips @KFCSA https://t.co/n5OhFpbfF8
1369998447600824322,{'$oid': '604a1b3b5514f1bbec46937e'},1369998447600824322,2021-03-11 15:07:37,happy, Yess Yess ğŸ˜ #HariHaraVeeraMallu,@PawanismCh Yess Yess ğŸ˜ #HariHaraVeeraMallu
1369998455070986243,{'$oid': '604a1b3b5514f1bbec46937f'},1369998455070986243,2021-03-11 15:07:39,happy,"Have you streamed today? ğŸ˜

REQUEST  @MTV #FridayLivestream 

#SB19WhatMYXDailyTop1
#SB19","RT @thekpopsis: Have you streamed today? ğŸ˜

REQUEST @SB19Official @MTV #FridayLivestream 

#SB19WhatMYXDailyTop1
#SB19"
1369998455960178692,{'$oid': '604a1b3b5514f1bbec469380'},1369998455960178692,2021-03-11 15:07:39,happy, @Lazygal28 @HPL_JDeLaughter @caseybella3 @artyreg77 @ElaineCruseArt @Mystificus @EcuadorDon @RealSardonicusâ€¦,RT @NinaSpencer20: @Hundjavelen @Lazygal28 @HPL_JDeLaughter @caseybella3 @artyreg77 @ElaineCruseArt @Mystificus @EcuadorDon @RealSardonicusâ€¦
1369998469461540865,{'$oid': '604a1b3b5514f1bbec469381'},1369998469461540865,2021-03-11 15:07:43,happy, @Wild_Squi Good. ğŸ˜,@rawat_shivali @Wild_Squi Good. ğŸ˜
1369998471697203209,{'$oid': '604a1b3b5514f1bbec469382'},1369998471697203209,2021-03-11 15:07:43,happy,as the pics go on his hat gets lower and lower ğŸ˜‚ğŸ˜‚,as the pics go on his hat gets lower and lower ğŸ˜‚ğŸ˜‚
1369998473387462657,{'$oid': '604a1b3b5514f1bbec469383'},1369998473387462657,2021-03-11 15:07:44,happy," Few years ago on silent mode
Now normal ğŸ˜","@mksid123 Few years ago on silent mode
Now normal ğŸ˜"
1369998475732000769,{'$oid': '604a1b3b5514f1bbec469384'},1369998475732000769,2021-03-11 15:07:44,happy,"Hope Pb Fans & Rc Fans Are Having Good Time ğŸ˜

#CharacterLessHeroineAlluArjun
#InsecureDogAlluArjun","RT @PG_2_0: Hope Pb Fans &amp; Rc Fans Are Having Good Time ğŸ˜

#CharacterLessHeroineAlluArjun
#InsecureDogAlluArjun"
1369998476340256772,{'$oid': '604a1b3b5514f1bbec469385'},1369998476340256772,2021-03-11 15:07:44,fear,"When even the masks canâ€™t hide their smiles! ğŸ˜

Good vibes from the boys in Bahrain! #F1Testing https://t.co/RPQulBIyhi","RT @McLarenF1: When even the masks canâ€™t hide their smiles! ğŸ˜

Good vibes from the boys in Bahrain! #F1Testing https://t.co/RPQulBIyhi"
1369998477435035653,{'$oid': '604a1b3b5514f1bbec469386'},1369998477435035653,2021-03-11 15:07:45,happy,Another completed order and another happy customer ğŸ˜ #resinart #skulls #ashtrays #handmade #localbusinessâ€¦ https://t.co/PvJKkD8r8j,Another completed order and another happy customer ğŸ˜ #resinart #skulls #ashtrays #handmade #localbusinessâ€¦ https://t.co/PvJKkD8r8j
1369998485123174408,{'$oid': '604a1b3b5514f1bbec469387'},1369998485123174408,2021-03-11 15:07:46,happy,"ğ€ğ¥ğ¥ ğ¬ğ¦ğ¢ğ¥ğğ¬ after another run-rule, shutout ğ– ğŸ˜

ğŸ“¸ğŸ¥ğŸ“ Recap Â» https://t.co/slD2XiKNER

#ChampionshipMindset https://t.co/Ycaâ€¦","RT @OU_Softball: ğ€ğ¥ğ¥ ğ¬ğ¦ğ¢ğ¥ğğ¬ after another run-rule, shutout ğ– ğŸ˜

ğŸ“¸ğŸ¥ğŸ“ Recap Â» https://t.co/slD2XiKNER

#ChampionshipMindset https://t.co/Ycaâ€¦"
1369998486997852164,{'$oid': '604a1b3b5514f1bbec469388'},1369998486997852164,2021-03-11 15:07:47,happy,"RSH REVIEW RATING 5/5 ğŸ’¥ğŸ¤­ğŸ˜†ğŸ¤£
#KicchaSudeep #VikrantRona 
#Kotigobba3 #BoxOfficeBaadshah 

Follow us ğŸ‘‰  ğŸ˜ https://t.câ€¦","RT @RSH_TEAM_: RSH REVIEW RATING 5/5 ğŸ’¥ğŸ¤­ğŸ˜†ğŸ¤£
#KicchaSudeep #VikrantRona 
#Kotigobba3 #BoxOfficeBaadshah 

Follow us ğŸ‘‰ @RSH_TEAM_ ğŸ˜ https://t.câ€¦"
1369998489287979016,{'$oid': '604a1b3b5514f1bbec469389'},1369998489287979016,2021-03-11 15:07:47,happy,church music ğŸ˜,church music ğŸ˜
1369998491485839361,{'$oid': '604a1b3c5514f1bbec46938a'},1369998491485839361,2021-03-11 15:07:48,happy,"Celebrating Mahashivratri in my Style ğŸ™
Morning Doodh Sewa on Shiva and Later on Doodh Sewa and Samosa party with Specialâ€¦","RT @Wakeupishere: Celebrating Mahashivratri in my Style ğŸ™
Morning Doodh Sewa on Shiva and Later on Doodh Sewa and Samosa party with Specialâ€¦"
1369998496246419465,{'$oid': '604a1b3c5514f1bbec46938b'},1369998496246419465,2021-03-11 15:07:49,happy,it was a pleasure to have you  https://t.co/wB3rEEXxxZ,RT @BurgClam: it was a pleasure to have you @BurgClam https://t.co/wB3rEEXxxZ
1369998498125340673,{'$oid': '604a1b3c5514f1bbec46938c'},1369998498125340673,2021-03-11 15:07:49,anger,Busting out ğŸ˜ https://t.co/vTgNRYzF8x,RT @BritishMILF_: Busting out ğŸ˜ https://t.co/vTgNRYzF8x
1369998498909851651,{'$oid': '604a1b3c5514f1bbec46938d'},1369998498909851651,2021-03-11 15:07:50,fear,Iâ€™ll be writing a feature for SIN about how studentâ€™s jobs and finance have been impacted by the ongoing pandemic and would loâ€¦,RT @eannajn: Iâ€™ll be writing a feature for SIN about how studentâ€™s jobs and finance have been impacted by the ongoing pandemic and would loâ€¦
1369998501908713473,{'$oid': '604a1b3c5514f1bbec46938e'},1369998501908713473,2021-03-11 15:07:50,fear,Oops he did it again ğŸ˜… Time to clean the bed Austin... ğŸ˜ https://t.co/Rabcpvl6CJ,RT @BastAndAustin: Oops he did it again ğŸ˜… Time to clean the bed Austin... ğŸ˜ https://t.co/Rabcpvl6CJ
1369998506954522625,{'$oid': '604a1b3c5514f1bbec46938f'},1369998506954522625,2021-03-11 15:07:52,fear,RT if you've never had a Covid test ğŸ˜,RT @miss_lauren_uk: RT if you've never had a Covid test ğŸ˜
1369998510725140480,{'$oid': '604a1b3c5514f1bbec469390'},1369998510725140480,2021-03-11 15:07:52,happy, @RetroRed2 And that wasnâ€™t the first time either! ğŸ˜,@CharlieBunyan @RetroRed2 And that wasnâ€™t the first time either! ğŸ˜
1369998517129912330,{'$oid': '604a1b3c5514f1bbec469391'},1369998517129912330,2021-03-11 15:07:54,fear,Lmao muding them on YouTube despite their ads on videos meanwhile the audios are crawling ğŸ˜,RT @Emdee_01: Lmao muding them on YouTube despite their ads on videos meanwhile the audios are crawling ğŸ˜
1369998517213814787,{'$oid': '604a1b3c5514f1bbec469392'},1369998517213814787,2021-03-11 15:07:54,happy, yep i can confirm this ğŸ˜,@ksxsarah yep i can confirm this ğŸ˜
1369998518966910977,{'$oid': '604a1b3c5514f1bbec469393'},1369998518966910977,2021-03-11 15:07:54,happy,"Super ğŸ”¥ğŸ”¥ğŸ”¥ The Swag & the expression ğŸ’¥ğŸ’¥ğŸ’¥ğŸ§¨ğŸ’£
The ""Go"" in the end was cute ğŸ˜

#VanshRaisinghania #RrahulSudhir #IshqMeinMarjawan2â€¦","RT @ShrNita: Super ğŸ”¥ğŸ”¥ğŸ”¥ The Swag &amp; the expression ğŸ’¥ğŸ’¥ğŸ’¥ğŸ§¨ğŸ’£
The ""Go"" in the end was cute ğŸ˜

#VanshRaisinghania #RrahulSudhir #IshqMeinMarjawan2â€¦"
1369998523018539008,{'$oid': '604a1b3c5514f1bbec469394'},1369998523018539008,2021-03-11 15:07:55,happy,bringing this back ğŸ˜,bringing this back ğŸ˜
1369998529763098626,{'$oid': '604a1b3c5514f1bbec469395'},1369998529763098626,2021-03-11 15:07:57,happy,I love E but with such biggest news attach the SOURCE biko so we can flex and Vex ğŸ˜,I love E but with such biggest news attach the SOURCE biko so we can flex and Vex ğŸ˜
1369998542090162179,{'$oid': '604a1b3c5514f1bbec469396'},1369998542090162179,2021-03-11 15:08:00,anger,"The blue has gone, hello dark hair again ğŸ˜ https://t.co/6Odf1yC3nM","The blue has gone, hello dark hair again ğŸ˜ https://t.co/6Odf1yC3nM"
1369998545546317824,{'$oid': '604a1b3c5514f1bbec469397'},1369998545546317824,2021-03-11 15:08:01,happy,Comic Relief Friday 19th March. The theme is â€˜Share a Smileâ€™ ğŸ˜ The children can wear their HAPPY CLOTHES to school and of coâ€¦,RT @RumneyPrm: Comic Relief Friday 19th March. The theme is â€˜Share a Smileâ€™ ğŸ˜ The children can wear their HAPPY CLOTHES to school and of coâ€¦
1369998550185181186,{'$oid': '604a1b3c5514f1bbec469398'},1369998550185181186,2021-03-11 15:08:02,happy, cape y lm lm ğŸ˜,@rosebekasii cape y lm lm ğŸ˜
1369998559140057092,{'$oid': '604a1b3c5514f1bbec469399'},1369998559140057092,2021-03-11 15:08:04,pleasant,Currently reading the famous refrigerator issue ğŸ˜ https://t.co/GMexhNoVdS,RT @thearkhamprince: Currently reading the famous refrigerator issue ğŸ˜ https://t.co/GMexhNoVdS
1369998561367166977,{'$oid': '604a1b3c5514f1bbec46939a'},1369998561367166977,2021-03-11 15:08:05,fear,We want to hear from as many organisations as possible about how the Collective can support your organisation to accesâ€¦,RT @DataCollective_: We want to hear from as many organisations as possible about how the Collective can support your organisation to accesâ€¦
1369998569684557830,{'$oid': '604a1b3c5514f1bbec46939b'},1369998569684557830,2021-03-11 15:08:07,happy,"there ya go :)
thanks for volunteering your ocs for this challenge, it was fun drawing them all ğŸ˜
#drawyourmutualsocspoorlâ€¦","RT @emethyst_18: there ya go :)
thanks for volunteering your ocs for this challenge, it was fun drawing them all ğŸ˜
#drawyourmutualsocspoorlâ€¦"
1369998573799047172,{'$oid': '604a1b3c5514f1bbec46939c'},1369998573799047172,2021-03-11 15:08:07,fear,"People are saying it's like Home Shopping so a little Trivia!

Dong Jihyun, a top home shopping MC in Korea, used to be Redâ€¦","RT @KSGUpdates: People are saying it's like Home Shopping so a little Trivia!

Dong Jihyun, a top home shopping MC in Korea, used to be Redâ€¦"
1369998582481178624,{'$oid': '604a1b3c5514f1bbec46939d'},1369998582481178624,2021-03-11 15:08:10,happy,"See? It's time. ğŸ¤­ğŸ˜‚âœŒğŸ»  

REQUEST @SB19Official @MTV #FridayLivestream 

SB19WhatMV 2Millionâ€¦ https://t.co/CbCi82Psj8","See? It's time. ğŸ¤­ğŸ˜‚âœŒğŸ» @hugsxkissa 

REQUEST @SB19Official @MTV #FridayLivestream 

SB19WhatMV 2Millionâ€¦ https://t.co/CbCi82Psj8"
1369998587862470659,{'$oid': '604a1b3c5514f1bbec46939e'},1369998587862470659,2021-03-11 15:08:11,happy, @techradar @Jake_Randall_YT Got mines! ğŸ˜,@mattswider @techradar @Jake_Randall_YT Got mines! ğŸ˜
1369998592962887682,{'$oid': '604a1b3c5514f1bbec46939f'},1369998592962887682,2021-03-11 15:08:12,happy,"MCYT stands for Minecraft youtuber, which is NOT what quackity is ğŸ˜","RT @quactitty: MCYT stands for Minecraft youtuber, which is NOT what quackity is ğŸ˜"
1369998595236106250,{'$oid': '604a1b3c5514f1bbec4693a0'},1369998595236106250,2021-03-11 15:08:13,happy, @charxbrinx @charlieputh its not that old honey ğŸ˜,@puthamortentia @charxbrinx @charlieputh its not that old honey ğŸ˜
1369998616593526785,{'$oid': '604a1b3c5514f1bbec4693a1'},1369998616593526785,2021-03-11 15:08:18,happy,"May I come in ğŸ˜
#CharacterLessHeroineAlluArjun
#InsecureDogAlluArjun","RT @MAHESHFANS1975: May I come in ğŸ˜
#CharacterLessHeroineAlluArjun
#InsecureDogAlluArjun"
1369998618321686528,{'$oid': '604a1b3c5514f1bbec4693a2'},1369998618321686528,2021-03-11 15:08:18,happy,Big smile ğŸ˜ https://t.co/0vYqGwbXsz,RT @jesseswitchxxx: Big smile ğŸ˜ https://t.co/0vYqGwbXsz
1369998624529276934,{'$oid': '604a1b3c5514f1bbec4693a3'},1369998624529276934,2021-03-11 15:08:20,happy,"Great to meet Paul from the  today ğŸ˜ 

The Woodlands Trust have supported @SolihullCouncil by providing usâ€¦","RT @LoveSolihull: Great to meet Paul from the @WoodlandTrust today ğŸ˜ 

The Woodlands Trust have supported @SolihullCouncil by providing usâ€¦"
1369998633915936769,{'$oid': '604a1b3c5514f1bbec4693a4'},1369998633915936769,2021-03-11 15:08:22,happy,"This vaccine info thread was from my experience in handling the vaccines in my work. If you have more info to add, please doâ€¦","RT @karl_1618: This vaccine info thread was from my experience in handling the vaccines in my work. If you have more info to add, please doâ€¦"
1369998646373097473,{'$oid': '604a1b3c5514f1bbec4693a5'},1369998646373097473,2021-03-11 15:08:25,happy,"- 

Allu Arjun Fans Failed To Give A Festival Gift To  By Not Even Getting 5% Special Show ğŸ˜¢

Where Aâ€¦","RT @PG_2_0: BREAKING NEWS : - 

Allu Arjun Fans Failed To Give A Festival Gift To @alluarjun By Not Even Getting 5% Special Show ğŸ˜¢

Where Aâ€¦"
1369998647102955522,{'$oid': '604a1b3c5514f1bbec4693a6'},1369998647102955522,2021-03-11 15:08:25,happy, Mao before pe ğŸ˜,@Nyargidaktari Mao before pe ğŸ˜
1369998647920844802,{'$oid': '604a1b3c5514f1bbec4693a7'},1369998647920844802,2021-03-11 15:08:25,fear, It could be your neighbour ğŸ˜,@Anc21Voetsek It could be your neighbour ğŸ˜
1369998649430659076,{'$oid': '604a1b3c5514f1bbec4693a8'},1369998649430659076,2021-03-11 15:08:26,happy,"After watching so much content of his I have gathered that ""j-hope"" side is also his real side... Many try to  https://t.co/VPDisKb8E7","After watching so much content of his I have gathered that ""j-hope"" side is also his real side... Many try to claimâ€¦ https://t.co/VPDisKb8E7"
1369998649791512584,{'$oid': '604a1b3c5514f1bbec4693a9'},1369998649791512584,2021-03-11 15:08:26,happy,We had a stable 300+ listeners throughout the time  ğŸ˜,RT @SeIenaGomezData: We had a stable 300+ listeners throughout the time  ğŸ˜
1369998651909623814,{'$oid': '604a1b3c5514f1bbec4693aa'},1369998651909623814,2021-03-11 15:08:26,happy,My boys! ğŸ§¡ğŸ§¡ğŸ§¡,My boys! ğŸ§¡ğŸ§¡ğŸ§¡
1369998672352714753,{'$oid': '604a1b3c5514f1bbec4693ab'},1369998672352714753,2021-03-11 15:08:31,happy,Iranian houses couple days before the new year ğŸ˜ #Nowruz https://t.co/LgvPrbeC2x,RT @soureh_design: Iranian houses couple days before the new year ğŸ˜ #Nowruz https://t.co/LgvPrbeC2x
1369998676802768901,{'$oid': '604a1b3c5514f1bbec4693ac'},1369998676802768901,2021-03-11 15:08:32,happy,"Businessman Bluray Print Movie link unda ....
Entha gb ayina parledu ğŸ˜
Anyone ??? ğŸ¥°ğŸ¤—

#BusinessMan 
#SarkaruVaariPaata @â€¦","RT @ANIKHILKUMAR5: Businessman Bluray Print Movie link unda ....
Entha gb ayina parledu ğŸ˜
Anyone ??? ğŸ¥°ğŸ¤—

#BusinessMan 
#SarkaruVaariPaata @â€¦"
1369998679105441793,{'$oid': '604a1b3c5514f1bbec4693ad'},1369998679105441793,2021-03-11 15:08:33,happy,"hi again, reply with blythe's pic and caption ""this you?"" ğŸ˜ thx !","RT @yancyfilms: hi again, reply with blythe's pic and caption ""this you?"" ğŸ˜ thx !"
1369998684587515904,{'$oid': '604a1b3c5514f1bbec4693ae'},1369998684587515904,2021-03-11 15:08:34,fear," I feel like data can easily be overlooked in assessments, especially as it's at the end, so I try  https://t.co/VSbTYAmTM9","@Martin_Jordan I feel like data can easily be overlooked in assessments, especially as it's at the end, so I try anâ€¦ https://t.co/VSbTYAmTM9"
1369998687187898370,{'$oid': '604a1b3c5514f1bbec4693af'},1369998687187898370,2021-03-11 15:08:35,happy,"Ladies, If this isn't how he wakes you up in the morning, he ain't the one â˜€ï¸â˜€ï¸ rise and shine ğŸ˜ https://t.co/lmvzrLKueq","RT @plyfulcouple: Ladies, If this isn't how he wakes you up in the morning, he ain't the one â˜€ï¸â˜€ï¸ rise and shine ğŸ˜ https://t.co/lmvzrLKueq"
1369998689117298691,{'$oid': '604a1b3c5514f1bbec4693b0'},1369998689117298691,2021-03-11 15:08:35,happy, ğŸ˜ He was around at the time - it may have been a collective enterprise ğŸ˜,@CurateUoL ğŸ˜ He was around at the time - it may have been a collective enterprise ğŸ˜
1369998704879472640,{'$oid': '604a1b3c5514f1bbec4693b1'},1369998704879472640,2021-03-11 15:08:39,happy,"Sat and made the Replacement stickers this morning. All made and being shipped!

They will be available for Â£2.50 fâ€¦ https://t.co/INw0sYEfVU","Sat and made the Replacement stickers this morning. All made and being shipped!

They will be available for Â£2.50 fâ€¦ https://t.co/INw0sYEfVU"
1369998706142023681,{'$oid': '604a1b3c5514f1bbec4693b2'},1369998706142023681,2021-03-11 15:08:39,happy, Your grandma was a v. stylish lady. Her outfit is just missing....a mole or two ğŸ˜,@Susannah_Lloyd Your grandma was a v. stylish lady. Her outfit is just missing....a mole or two ğŸ˜
1369998708914479104,{'$oid': '604a1b3c5514f1bbec4693b3'},1369998708914479104,2021-03-11 15:08:40,happy, @Docstockk @CroneInAMillion @FondOfBeetles @ProfAliceS @janeclarejones @MForstater @Gillian_Philipâ€¦ https://t.co/5zpvU3htKG,@PDarbyshire @Docstockk @CroneInAMillion @FondOfBeetles @ProfAliceS @janeclarejones @MForstater @Gillian_Philipâ€¦ https://t.co/5zpvU3htKG
1369998726815768579,{'$oid': '604a1b3c5514f1bbec4693b4'},1369998726815768579,2021-03-11 15:08:44,happy, @2kTio Discord for 7 hrs> School for 8 hrs ğŸ˜,@Love_Vertt @2kTio Discord for 7 hrs&gt; School for 8 hrs ğŸ˜
1369998731651604486,{'$oid': '604a1b3c5514f1bbec4693b5'},1369998731651604486,2021-03-11 15:08:45,happy,"My reaction while I'll waiting for the raindrops ğŸ˜ but it's not a raindrops its a heavy rain ğŸ˜ğŸ˜‚ 

iloveyou teteâ€¦ https://t.co/I9nUcMbzyW","My reaction while I'll waiting for the raindrops ğŸ˜ but it's not a raindrops its a heavy rain ğŸ˜ğŸ˜‚ 

iloveyou teteâ€¦ https://t.co/I9nUcMbzyW"
1369998731454644225,{'$oid': '604a1b3c5514f1bbec4693b6'},1369998731454644225,2021-03-11 15:08:45,happy,"Look at the new products I got ğŸ™ŒğŸ»
Some amazing flavours to choose from ğŸ˜
Use my code WSGIZT2F to get a discount onâ€¦ https://t.co/7VrbPQttDq","Look at the new products I got ğŸ™ŒğŸ»
Some amazing flavours to choose from ğŸ˜
Use my code WSGIZT2F to get a discount onâ€¦ https://t.co/7VrbPQttDq"
1369998733543317507,{'$oid': '604a1b3c5514f1bbec4693b7'},1369998733543317507,2021-03-11 15:08:46,fear,"hey guys! we will host a twitter space after CHENRA and let's talk about #CHENLE during tonight's viewable radio, the akso topâ€¦","RT @ZCLFEED: hey guys! we will host a twitter space after CHENRA and let's talk about #CHENLE during tonight's viewable radio, the akso topâ€¦"
1369998736399753218,{'$oid': '604a1b3c5514f1bbec4693b8'},1369998736399753218,2021-03-11 15:08:46,anger,"In case anyone needs a bit of silliness. ğŸ˜ Johnny Depp, Orlando Bloom, Gore Verbinski and Geoffrey Rush at the premiere of POâ€¦","RT @angy3101: In case anyone needs a bit of silliness. ğŸ˜ Johnny Depp, Orlando Bloom, Gore Verbinski and Geoffrey Rush at the premiere of POâ€¦"
1369998738979090435,{'$oid': '604a1b3c5514f1bbec4693b9'},1369998738979090435,2021-03-11 15:08:47,happy,5 chan or 5 years old chan??? now pick ğŸ˜,5 chan or 5 years old chan??? now pick ğŸ˜
1369998739260243969,{'$oid': '604a1b3c5514f1bbec4693ba'},1369998739260243969,2021-03-11 15:08:47,happy,Found a suitable spot for doing some admin ğŸ˜ https://t.co/VnmL15W6rW,Found a suitable spot for doing some admin ğŸ˜ https://t.co/VnmL15W6rW
1369998744058482694,{'$oid': '604a1b3c5514f1bbec4693bb'},1369998744058482694,2021-03-11 15:08:48,happy,Todayâ€™s the day! ğŸ¤ª We will all be dancing to â€œLoco Locoâ€ at 18:00 and all the time until #Eurovision! #excited #serbia #â€¦,RT @SrbEurovision: Todayâ€™s the day! ğŸ¤ª We will all be dancing to â€œLoco Locoâ€ at 18:00 and all the time until #Eurovision! #excited #serbia #â€¦
1369998747829116930,{'$oid': '604a1b3c5514f1bbec4693bc'},1369998747829116930,2021-03-11 15:08:49,happy,"Hello! Please support! ğŸ˜

Merit & Sell is a fundraiser aiming to procure gadgets needed for online classes. Earningâ€¦ https://t.co/UmWs6SipNb","Hello! Please support! ğŸ˜

Merit &amp; Sell is a fundraiser aiming to procure gadgets needed for online classes. Earningâ€¦ https://t.co/UmWs6SipNb"
1369998749456605186,{'$oid': '604a1b3c5514f1bbec4693bd'},1369998749456605186,2021-03-11 15:08:49,happy,Got some pretty good deals on eBay lately ğŸ˜ https://t.co/Xbc0Ds1eHx,Got some pretty good deals on eBay lately ğŸ˜ https://t.co/Xbc0Ds1eHx
1369998774194601990,{'$oid': '604a1b3c5514f1bbec4693be'},1369998774194601990,2021-03-11 15:08:55,happy,"Will drop this beauty on Knownorigin ğŸ˜ Tell me how much do you think is it worth? #cryptoart #nftart 

""DeLorean inâ€¦ https://t.co/NH0GEz1kOR","Will drop this beauty on Knownorigin ğŸ˜ Tell me how much do you think is it worth? #cryptoart #nftart 

""DeLorean inâ€¦ https://t.co/NH0GEz1kOR"
1369998781509419009,{'$oid': '604a1b3c5514f1bbec4693bf'},1369998781509419009,2021-03-11 15:08:57,fear,"Let's see if you know your Land Titles ğŸ˜
First 5 people to answer correctly will get airtime of any network of their choice.â€¦","RT @rpdlhomes: Let's see if you know your Land Titles ğŸ˜
First 5 people to answer correctly will get airtime of any network of their choice.â€¦"
1369998787691880450,{'$oid': '604a1b3c5514f1bbec4693c0'},1369998787691880450,2021-03-11 15:08:58,happy,Chelsea my girlğŸ‘ŠğŸ½ğŸ¤£,Chelsea my girlğŸ‘ŠğŸ½ğŸ¤£
1369998790401343491,{'$oid': '604a1b3c5514f1bbec4693c1'},1369998790401343491,2021-03-11 15:08:59,happy, Make sure you've got plenty paracetamol on hand for potential pain/fever. I spent yesterday  https://t.co/vzo5CELE1K,@illustratedlaw Make sure you've got plenty paracetamol on hand for potential pain/fever. I spent yesterday feelingâ€¦ https://t.co/vzo5CELE1K
1369998802380349446,{'$oid': '604a1b3c5514f1bbec4693c2'},1369998802380349446,2021-03-11 15:09:02,happy,"You want that magnificent sounds with class when you listen to you favs song ğŸ”¥ğŸŒ¶?

Then Beatspill+ is for you ğŸ˜

Price isâ€¦","RT @Icon_Gadgets: You want that magnificent sounds with class when you listen to you favs song ğŸ”¥ğŸŒ¶?

Then Beatspill+ is for you ğŸ˜

Price isâ€¦"
1369998807090528257,{'$oid': '604a1b3c5514f1bbec4693c3'},1369998807090528257,2021-03-11 15:09:03,happy, @hiddenliverpool @SGHLpool Absolutely stunning image! ğŸ˜,@stratusimagery @hiddenliverpool @SGHLpool Absolutely stunning image! ğŸ˜
1369998808235540487,{'$oid': '604a1b3c5514f1bbec4693c4'},1369998808235540487,2021-03-11 15:09:03,happy,"If you're thinking of doing something different in life then check out our new #podcast ğŸ™
We set it up during #lockdown tâ€¦","RT @alimahoney74: If you're thinking of doing something different in life then check out our new #podcast ğŸ™
We set it up during #lockdown tâ€¦"
1369998809225302018,{'$oid': '604a1b3c5514f1bbec4693c5'},1369998809225302018,2021-03-11 15:09:04,happy,"Guess The Short Film ğŸ¥ Name ğŸ˜‰ Easy ğŸ˜ 

#Kavin | #Lift |  https://t.co/352iv2v9N7","RT @KavinFansClub: Guess The Short Film ğŸ¥ Name ğŸ˜‰ Easy ğŸ˜ 

#Kavin | #Lift | @Kavin_m_0431 https://t.co/352iv2v9N7"
1369998809510543360,{'$oid': '604a1b3c5514f1bbec4693c6'},1369998809510543360,2021-03-11 15:09:04,happy, Yess Yess ğŸ˜ #HariHaraVeeraMallu,RT @Dhoni_Varsh: @PawanismCh Yess Yess ğŸ˜ #HariHaraVeeraMallu
1369998812324896775,{'$oid': '604a1b3c5514f1bbec4693c7'},1369998812324896775,2021-03-11 15:09:04,happy, Sunoo and Jake ğŸ˜,@officiaIsunki Sunoo and Jake ğŸ˜
1369998831782400005,{'$oid': '604a1b3c5514f1bbec4693c8'},1369998831782400005,2021-03-11 15:09:09,happy," Cheers , A place where everybody knows your name ğŸ˜","@SassyKeeper Cheers , A place where everybody knows your name ğŸ˜"
1369998831723573253,{'$oid': '604a1b3c5514f1bbec4693c9'},1369998831723573253,2021-03-11 15:09:09,happy,"Not a bad haul today. Got Zig and Aron on my way to work and then Wooper at the gym ğŸ˜

#PokemonGo #PokemonGoâ€¦ https://t.co/AOntkW0fDb","Not a bad haul today. Got Zig and Aron on my way to work and then Wooper at the gym ğŸ˜

#PokemonGo #PokemonGoâ€¦ https://t.co/AOntkW0fDb"
1369998835418734598,{'$oid': '604a1b3c5514f1bbec4693ca'},1369998835418734598,2021-03-11 15:09:10,happy, *KICKS DOWN DOOR* hello :),@g8huageek *KICKS DOWN DOOR* hello :)
1369998837096583170,{'$oid': '604a1b3c5514f1bbec4693cb'},1369998837096583170,2021-03-11 15:09:10,surprise," ĞÑƒ ĞºĞ°Ğ¼Ğ¾Ğ½ :) What is The Babylon Bee?

The Babylon Bee is the worldâ€™s best satire site, totally inerrantâ€¦ https://t.co/RZOR61Do7D","@badgercat ĞÑƒ ĞºĞ°Ğ¼Ğ¾Ğ½ :) What is The Babylon Bee?

The Babylon Bee is the worldâ€™s best satire site, totally inerrantâ€¦ https://t.co/RZOR61Do7D"
1369998841580244994,{'$oid': '604a1b3c5514f1bbec4693cc'},1369998841580244994,2021-03-11 15:09:11,happy,"#ReadAndShare LETTERS and messages in
https://t.co/EOmzDplSig 
#loveletters #love #letters #messages #quotes #images https://t.co/HS4WmA6DsA","#ReadAndShare LETTERS and messages in
https://t.co/EOmzDplSig 
#loveletters #love #letters #messages #quotes #images https://t.co/HS4WmA6DsA"
1369998842985320448,{'$oid': '604a1b3c5514f1bbec4693cd'},1369998842985320448,2021-03-11 15:09:12,fear,"can someone who is smart explain this to me pls:
would we be able to create anything (e.g. a piece of wood or a banâ€¦ https://t.co/7THwSPo9nJ","can someone who is smart explain this to me pls:
would we be able to create anything (e.g. a piece of wood or a banâ€¦ https://t.co/7THwSPo9nJ"
1369998843409031169,{'$oid': '604a1b3c5514f1bbec4693ce'},1369998843409031169,2021-03-11 15:09:12,happy, That is a very awesome chart sir :) Thanks for all your work,@SuburbanDrone That is a very awesome chart sir :) Thanks for all your work
1369998845841661955,{'$oid': '604a1b3c5514f1bbec4693cf'},1369998845841661955,2021-03-11 15:09:12,happy,"Are there any ICSE board students here? If yes then help us find a new admin that can help you out with Hindi ICSE :)

-S","Are there any ICSE board students here? If yes then help us find a new admin that can help you out with Hindi ICSE :)

-S"
1369998847037083650,{'$oid': '604a1b3c5514f1bbec4693d0'},1369998847037083650,2021-03-11 15:09:13,happy,"Wobble wobble. 

All my links are in my bio :) https://t.co/ekGidk8nBW","RT @_Amberbliss: Wobble wobble. 

All my links are in my bio :) https://t.co/ekGidk8nBW"
1369998848496525314,{'$oid': '604a1b3c5514f1bbec4693d1'},1369998848496525314,2021-03-11 15:09:13,happy,WhatsApp group activated :) https://t.co/IzHseWyjuX,RT @iAnkurSingh: WhatsApp group activated :) https://t.co/IzHseWyjuX
1369998849046024199,{'$oid': '604a1b3c5514f1bbec4693d2'},1369998849046024199,2021-03-11 15:09:13,surprise,wayv is nct. end discussion :),RT @TENB4BY: wayv is nct. end discussion :)
1369998849545224200,{'$oid': '604a1b3c5514f1bbec4693d3'},1369998849545224200,2021-03-11 15:09:13,happy,Some more Tracer :) https://t.co/jZ16a7ZbTZ,RT @ChunkerChunks: Some more Tracer :) https://t.co/jZ16a7ZbTZ
1369998849792688129,{'$oid': '604a1b3c5514f1bbec4693d4'},1369998849792688129,2021-03-11 15:09:13,happy,Good morning to all my friends. Spread some love today. ğŸ’ğŸ¾ğŸ¾ #CatsOfTwitter #love #thursdaymorning https://t.co/5lAy92x1â€¦,RT @Witchhuntdiary: Good morning to all my friends. Spread some love today. ğŸ’ğŸ¾ğŸ¾ #CatsOfTwitter #love #thursdaymorning https://t.co/5lAy92x1â€¦
1369998854171594754,{'$oid': '604a1b3c5514f1bbec4693d5'},1369998854171594754,2021-03-11 15:09:14,fear,If you want to see the full video ask me in private !#blowjob :) https://t.co/GoM3diZa81,RT @ludovica_luxury: If you want to see the full video ask me in private !#blowjob :) https://t.co/GoM3diZa81
1369998854972710916,{'$oid': '604a1b3c5514f1bbec4693d6'},1369998854972710916,2021-03-11 15:09:15,fear, in an hour or two when more people are active :),@notjosieeee in an hour or two when more people are active :)
1369998855924809729,{'$oid': '604a1b3c5514f1bbec4693d7'},1369998855924809729,2021-03-11 15:09:15,happy,"fire away :)

#Bara #Napoleon #FGO https://t.co/r2bs8WjvGm","RT @avenerocalix: fire away :)

#Bara #Napoleon #FGO https://t.co/r2bs8WjvGm"
1369998857912868870,{'$oid': '604a1b3c5514f1bbec4693d8'},1369998857912868870,2021-03-11 15:09:15,happy,Yey! Happy we can share this project now. A new tool for smFISH detection directly in @FijiSc. Hopefully soon-ish we caâ€¦,RT @Laura_Breimann: Yey! Happy we can share this project now. A new tool for smFISH detection directly in @FijiSc. Hopefully soon-ish we caâ€¦
1369998860987285505,{'$oid': '604a1b3c5514f1bbec4693d9'},1369998860987285505,2021-03-11 15:09:16,happy,got some Tuna Helper for lunch :) https://t.co/4q92cxJcut https://t.co/qsqwUhcYuj,RT @TheRealDTRJ: got some Tuna Helper for lunch :) https://t.co/4q92cxJcut https://t.co/qsqwUhcYuj
1369998863080296448,{'$oid': '604a1b3c5514f1bbec4693da'},1369998863080296448,2021-03-11 15:09:16,happy, @GreenJennyJones This is why we have patriarchy love :) . Because if you were in charge youd be a  https://t.co/zC1wRHHl81,@siunanWTF71 @GreenJennyJones This is why we have patriarchy love :) . Because if you were in charge youd be a tyraâ€¦ https://t.co/zC1wRHHl81
1369998866364387332,{'$oid': '604a1b3c5514f1bbec4693db'},1369998866364387332,2021-03-11 15:09:17,happy,My pretty momma bear with her 3 cubs ğŸ» @DianeMushinski. Love you mommy and sisters â¤ğŸŒ·#love #family #sisters #mom httpsâ€¦,RT @Nancy_Mushinski: My pretty momma bear with her 3 cubs ğŸ» @DianeMushinski. Love you mommy and sisters â¤ğŸŒ·#love #family #sisters #mom httpsâ€¦
1369998867559637006,{'$oid': '604a1b3c5514f1bbec4693dc'},1369998867559637006,2021-03-11 15:09:18,happy,"sebastian my beloved

rts are appreciated :) https://t.co/lCdijhYRHT","RT @parirako: sebastian my beloved

rts are appreciated :) https://t.co/lCdijhYRHT"
1369998868079869967,{'$oid': '604a1b3c5514f1bbec4693dd'},1369998868079869967,2021-03-11 15:09:18,happy," @aimeevanrobot A good example of ""boring AI""?  :)","@Boring_AI @aimeevanrobot A good example of ""boring AI""?  :)"
1369998868574838786,{'$oid': '604a1b3c5514f1bbec4693de'},1369998868574838786,2021-03-11 15:09:18,happy," Hi, you can find 5 pieces below that here. Cheers, thanks! :) 

https://t.co/GSXsowOPIQ","@PriymakElysium Hi, you can find 5 pieces below that here. Cheers, thanks! :) 

https://t.co/GSXsowOPIQ"
1369998870306975756,{'$oid': '604a1b3c5514f1bbec4693df'},1369998870306975756,2021-03-11 15:09:18,pleasant,The Fedâ€™s got our back! Market corrections have been outlawed :)  https://t.co/h17K7tqBuz,RT @APompliano: The Fedâ€™s got our back! Market corrections have been outlawed :) @tmychow https://t.co/h17K7tqBuz
1369998870747488258,{'$oid': '604a1b3c5514f1bbec4693e0'},1369998870747488258,2021-03-11 15:09:18,anger, Only superwoofers??  :),@jeremygaither Only superwoofers??  :)
1369998870831316992,{'$oid': '604a1b3c5514f1bbec4693e1'},1369998870831316992,2021-03-11 15:09:18,happy, @SelwynsCoaches That's a good picture :),@William251201 @SelwynsCoaches That's a good picture :)
1369998872395849734,{'$oid': '604a1b3c5514f1bbec4693e2'},1369998872395849734,2021-03-11 15:09:19,happy, @GreenJennyJones This is why we have patriarchy love :) . Because if you were in charge youd be a tyrant. Thanksâ€¦,RT @not__vee: @siunanWTF71 @GreenJennyJones This is why we have patriarchy love :) . Because if you were in charge youd be a tyrant. Thanksâ€¦
1369998874216067072,{'$oid': '604a1b3d5514f1bbec4693e3'},1369998874216067072,2021-03-11 15:09:19,happy,It's #ThrowbackThursday to some Coffee Crew brew pots :) https://t.co/ad68UzgYTC,RT @asticastle: It's #ThrowbackThursday to some Coffee Crew brew pots :) https://t.co/ad68UzgYTC
1369998874845274116,{'$oid': '604a1b3d5514f1bbec4693e4'},1369998874845274116,2021-03-11 15:09:19,happy,u stopped to read that? congrats on having a life :),u stopped to read that? congrats on having a life :)
1369998875453386752,{'$oid': '604a1b3d5514f1bbec4693e5'},1369998875453386752,2021-03-11 15:09:19,anger, @1PMChat1 Jim plays the guy who asks God for powers and gets it temporarily. Morgan is God. ğŸ˜€,@seventh7rainbow @1PMChat1 Jim plays the guy who asks God for powers and gets it temporarily. Morgan is God. ğŸ˜€
1369998875910668288,{'$oid': '604a1b3d5514f1bbec4693e6'},1369998875910668288,2021-03-11 15:09:20,fear,"#PathTwitter: do you wear a white coat at work?  Why, or why not?  Just bought a gorgeous new one from Medelita (myâ€¦ https://t.co/OPQEOccmk1","#PathTwitter: do you wear a white coat at work?  Why, or why not?  Just bought a gorgeous new one from Medelita (myâ€¦ https://t.co/OPQEOccmk1"
1369998876128727040,{'$oid': '604a1b3d5514f1bbec4693e7'},1369998876128727040,2021-03-11 15:09:20,happy," ""Ah. You're here. Good. We've got a problem. A big one. The control chip for our water purification  https://t.co/FRqzPHkHjF","@northwolf911 ""Ah. You're here. Good. We've got a problem. A big one. The control chip for our water purification sâ€¦ https://t.co/FRqzPHkHjF"
1369998877273681922,{'$oid': '604a1b3d5514f1bbec4693e8'},1369998877273681922,2021-03-11 15:09:20,happy, @Oxygen_protocol @FTX_Official @BitMax_Official @gate_io glad its not just me... their bots are  https://t.co/BQZa3EtKec,@Hampus79654400 @Oxygen_protocol @FTX_Official @BitMax_Official @gate_io glad its not just me... their bots are aslâ€¦ https://t.co/BQZa3EtKec
1369998880075517958,{'$oid': '604a1b3d5514f1bbec4693e9'},1369998880075517958,2021-03-11 15:09:21,happy,imagine getting this cookies after got my result tomorrow ğŸ˜€,imagine getting this cookies after got my result tomorrow ğŸ˜€
1369998883896631299,{'$oid': '604a1b3d5514f1bbec4693ea'},1369998883896631299,2021-03-11 15:09:21,happy,"Hello, Indianapolis! It is 8:09 am. ğŸ˜€","Hello, Indianapolis! It is 8:09 am. ğŸ˜€"
1369998885104488448,{'$oid': '604a1b3d5514f1bbec4693eb'},1369998885104488448,2021-03-11 15:09:22,happy,britneyspears Please notice ME and follow ME :),britneyspears Please notice ME and follow ME :)
1369998886740365315,{'$oid': '604a1b3d5514f1bbec4693ec'},1369998886740365315,2021-03-11 15:09:22,happy,well.  i have like an hour to fix this project before i turn it in letâ€™s get it ğŸ˜€,well.  i have like an hour to fix this project before i turn it in letâ€™s get it ğŸ˜€
1369998888858439685,{'$oid': '604a1b3d5514f1bbec4693ed'},1369998888858439685,2021-03-11 15:09:23,happy,"I've got a lunchtime date with RDR2...the perks of working from home! Hope everybody has a creative day ğŸ˜€
@RockstarGamâ€¦","RT @RedDeadPhotogr2: I've got a lunchtime date with RDR2...the perks of working from home! Hope everybody has a creative day ğŸ˜€
@RockstarGamâ€¦"
1369998889273626624,{'$oid': '604a1b3d5514f1bbec4693ee'},1369998889273626624,2021-03-11 15:09:23,happy, @hue_ning_ @taegyuisty yeah u too :) u need some reading study well! ğŸ˜‚,@Mimi69593547 @hue_ning_ @taegyuisty yeah u too :) u need some reading study well! ğŸ˜‚
1369998890951270406,{'$oid': '604a1b3d5514f1bbec4693ef'},1369998890951270406,2021-03-11 15:09:23,fear,"not to be biased but...wake up @SMTOWNGLOBAL, you're sleeping on your best vocalist :)
#SM_ê²½ìˆ˜ë¥¼_ìœ„í•´_ì¼í•´ë¼","RT @dks_source: not to be biased but...wake up @SMTOWNGLOBAL, you're sleeping on your best vocalist :)
#SM_ê²½ìˆ˜ë¥¼_ìœ„í•´_ì¼í•´ë¼"
1369998891161112578,{'$oid': '604a1b3d5514f1bbec4693f0'},1369998891161112578,2021-03-11 15:09:23,happy,"Looking for artists with #commissionsopen for a D&D OC drawing (portrait or half-body ideally)! 

I quite like painterlyâ€¦","RT @lucy_violets: Looking for artists with #commissionsopen for a D&amp;D OC drawing (portrait or half-body ideally)! 

I quite like painterlyâ€¦"
1369998892088053765,{'$oid': '604a1b3d5514f1bbec4693f1'},1369998892088053765,2021-03-11 15:09:23,happy,"There's no one that can break the bond of #Peace #love
 and of #prosperity.
#This_is_the_new_Horn_of_Africa
#AfricanHistoâ€¦","RT @amanstifanos: There's no one that can break the bond of #Peace #love
 and of #prosperity.
#This_is_the_new_Horn_of_Africa
#AfricanHistoâ€¦"
1369998893803593728,{'$oid': '604a1b3d5514f1bbec4693f2'},1369998893803593728,2021-03-11 15:09:24,happy, I literally can't stop looking at this! Are you gonna make a cartoon or an animation with these? That will be great :),@_SrPelo_ I literally can't stop looking at this! Are you gonna make a cartoon or an animation with these? That will be great :)
1369998897444122626,{'$oid': '604a1b3d5514f1bbec4693f3'},1369998897444122626,2021-03-11 15:09:25,happy,doh kyungsoo is your artist :) he deserves better! release a schedule or confirm his solo album is the least that you câ€¦,RT @hourlykyungsoo: doh kyungsoo is your artist :) he deserves better! release a schedule or confirm his solo album is the least that you câ€¦
1369998898316595201,{'$oid': '604a1b3d5514f1bbec4693f4'},1369998898316595201,2021-03-11 15:09:25,happy,"wip :)

Probably gonna take a while to finish but it will be worth it

#dreamsmpfanart #dreamsmpart https://t.co/BTuj06â€¦","RT @pinklleviathan: wip :)

Probably gonna take a while to finish but it will be worth it

#dreamsmpfanart #dreamsmpart https://t.co/BTuj06â€¦"
1369998899155333123,{'$oid': '604a1b3d5514f1bbec4693f5'},1369998899155333123,2021-03-11 15:09:25,happy, AND ALPINE :),@F1 AND ALPINE :)
1369998901290356739,{'$oid': '604a1b3d5514f1bbec4693f6'},1369998901290356739,2021-03-11 15:09:26,happy,Help us to reach 16K followers! #WIN follow and RT to enter our #Competition Organic Hydration Hand & Body Lotion and ourâ€¦,RT @borganicskin: Help us to reach 16K followers! #WIN follow and RT to enter our #Competition Organic Hydration Hand &amp; Body Lotion and ourâ€¦
1369998901395210242,{'$oid': '604a1b3d5514f1bbec4693f7'},1369998901395210242,2021-03-11 15:09:26,fear,if you don't like harry styles you should get tested for corona virus cause you have no taste :),if you don't like harry styles you should get tested for corona virus cause you have no taste :)
1369998901890146306,{'$oid': '604a1b3d5514f1bbec4693f8'},1369998901890146306,2021-03-11 15:09:26,happy, Today was the magic day for getting the disc version! Iâ€™m now sending my digital version to a  https://t.co/WA9rYjXm48,@PS5StockAlerts Today was the magic day for getting the disc version! Iâ€™m now sending my digital version to a buddyâ€¦ https://t.co/WA9rYjXm48
1369998904092200960,{'$oid': '604a1b3d5514f1bbec4693f9'},1369998904092200960,2021-03-11 15:09:26,anger, Me too .. I be throwing up and everythinggg .. like what type of sorcery is this ğŸ˜€ ..,@Rollitupk Me too .. I be throwing up and everythinggg .. like what type of sorcery is this ğŸ˜€ ..
1369998904444469248,{'$oid': '604a1b3d5514f1bbec4693fa'},1369998904444469248,2021-03-11 15:09:26,happy,Little sketch for a friend :) https://t.co/wLIrDPhXdn,RT @AzsharaKletete: Little sketch for a friend :) https://t.co/wLIrDPhXdn
1369998906017337345,{'$oid': '604a1b3d5514f1bbec4693fb'},1369998906017337345,2021-03-11 15:09:27,anger," @NickVolturo @WBG84 ğŸ¤¬ğŸ¤¬ğŸ¤¬ğŸ¤¬

Eli was all business when he manipulated the draft ğŸ˜€

Then when it was our tuâ€¦ https://t.co/0h1bOLymzZ","@D_Ricker81 @NickVolturo @WBG84 ğŸ¤¬ğŸ¤¬ğŸ¤¬ğŸ¤¬

Eli was all business when he manipulated the draft ğŸ˜€

Then when it was our tuâ€¦ https://t.co/0h1bOLymzZ"
1369998906680049666,{'$oid': '604a1b3d5514f1bbec4693fc'},1369998906680049666,2021-03-11 15:09:27,happy, @nae_ph @KDBPH_ Ly; tear.. this album means a lot to me :),@sehwagives @nae_ph @KDBPH_ Ly; tear.. this album means a lot to me :)
1369998913386598401,{'$oid': '604a1b3d5514f1bbec4693fd'},1369998913386598401,2021-03-11 15:09:28,happy,mappa actually a scammer lol trailer aot vs the actual anime and then we got jjk op where we can see junpei  https://t.co/6phCJ6Ag8Q,mappa actually a scammer lol trailer aot vs the actual anime and then we got jjk op where we can see junpei smilingâ€¦ https://t.co/6phCJ6Ag8Q
1369998917086048258,{'$oid': '604a1b3d5514f1bbec4693fe'},1369998917086048258,2021-03-11 15:09:29,fear,"Still waiting for Note 10 series to go on sale since xiaomi wont send us a review unit, not complaining since its their choâ€¦","RT @akshayable: Still waiting for Note 10 series to go on sale since xiaomi wont send us a review unit, not complaining since its their choâ€¦"
1369998918084354050,{'$oid': '604a1b3d5514f1bbec4693ff'},1369998918084354050,2021-03-11 15:09:30,happy,"All things are  because God loves you.

#quote #faith #love #ThursdayThoughts https://t.co/t0MyR7pGbt","RT @Ranal55: All things are possibleâ€¦ because God loves you.

#quote #faith #love #ThursdayThoughts https://t.co/t0MyR7pGbt"
1369998920877813761,{'$oid': '604a1b3d5514f1bbec469400'},1369998920877813761,2021-03-11 15:09:30,happy,"look at our fun robots do a little dance! aren't they harmless! ignore our police contracts!
unitree robotiâ€¦","RT @jjvincent: boston dynamics: look at our fun robots do a little dance! aren't they harmless! ignore our police contracts!
unitree robotiâ€¦"
1369998920705847299,{'$oid': '604a1b3d5514f1bbec469401'},1369998920705847299,2021-03-11 15:09:30,fear,Did everyone get their Stay away mask yet?  ğŸ˜€ https://t.co/LWDnFnUiNE,Did everyone get their Stay away mask yet?  ğŸ˜€ https://t.co/LWDnFnUiNE
1369998922014412806,{'$oid': '604a1b3d5514f1bbec469402'},1369998922014412806,2021-03-11 15:09:31,happy, dw about it :) keep grinding,@GrisIsBack dw about it :) keep grinding
1369998922626654209,{'$oid': '604a1b3d5514f1bbec469403'},1369998922626654209,2021-03-11 15:09:31,fear, scammer :) donâ€™t do the trade guys!,@Cute_hehee scammer :) donâ€™t do the trade guys!
1369998925789155330,{'$oid': '604a1b3d5514f1bbec469404'},1369998925789155330,2021-03-11 15:09:31,happy,"ğŸŒ¼ dandelion 

ğŸŒ¼ postgame vr au, hurt/comfort 
ğŸŒ¼ T | 3.4k | one-shot
ğŸŒ¼ happy saiou day everyone, have some angst :) 

#danganrâ€¦","RT @ixcarus_: ğŸŒ¼ dandelion 

ğŸŒ¼ postgame vr au, hurt/comfort 
ğŸŒ¼ T | 3.4k | one-shot
ğŸŒ¼ happy saiou day everyone, have some angst :) 

#danganrâ€¦"
1369998925961129986,{'$oid': '604a1b3d5514f1bbec469405'},1369998925961129986,2021-03-11 15:09:31,happy,Agreed.,Agreed.
1369998926930092040,{'$oid': '604a1b3d5514f1bbec469406'},1369998926930092040,2021-03-11 15:09:32,happy,"Well said ğŸ‘ğŸ»ğŸ‘ğŸ»   

Food for thought :) https://t.co/SvbLb2TENQ","RT @Serenity_BWB: Well said ğŸ‘ğŸ»ğŸ‘ğŸ» @psxbright  

Food for thought :) https://t.co/SvbLb2TENQ"
1369998927269785605,{'$oid': '604a1b3d5514f1bbec469407'},1369998927269785605,2021-03-11 15:09:32,happy,Mm the dick youll be sucking too :) https://t.co/FkzlIcSSej,RT @twinkangeljr: Mm the dick youll be sucking too :) https://t.co/FkzlIcSSej
1369998927018270727,{'$oid': '604a1b3d5514f1bbec469408'},1369998927018270727,2021-03-11 15:09:32,happy," @DaubneyNFT It's fucking great, he has a second one as well in the same fashion. Really hope he  https://t.co/W8WkUpBra5","@ZexonONerotaki @DaubneyNFT It's fucking great, he has a second one as well in the same fashion. Really hope he makâ€¦ https://t.co/W8WkUpBra5"
1369998928880533504,{'$oid': '604a1b3d5514f1bbec469409'},1369998928880533504,2021-03-11 15:09:32,happy," @AdamRutherford Yeah, I was just making an unnecessary comment to agree with you :)","@WeeksGav @AdamRutherford Yeah, I was just making an unnecessary comment to agree with you :)"
1369998929522274307,{'$oid': '604a1b3d5514f1bbec46940a'},1369998929522274307,2021-03-11 15:09:32,happy,"ğŸ”¥Sorteito Fresco 24h
Follow + Rt
Tag 1 Friend 
GL to all :) https://t.co/uWasozCaDT","RT @asc_xvi: ğŸ”¥Sorteito Fresco 24h
Follow + Rt
Tag 1 Friend 
GL to all :) https://t.co/uWasozCaDT"
1369998932881903620,{'$oid': '604a1b3d5514f1bbec46940b'},1369998932881903620,2021-03-11 15:09:33,happy,"Wolf love. ~
#Digital #Wolf #Love https://t.co/KIvNRhXcxr","RT @FlashWhite_: Wolf love. ~
#Digital #Wolf #Love https://t.co/KIvNRhXcxr"
1369998933041180672,{'$oid': '604a1b3d5514f1bbec46940c'},1369998933041180672,2021-03-11 15:09:33,happy, It's all sagged now :),@JoanneCarey64 It's all sagged now :)
1369998933074841603,{'$oid': '604a1b3d5514f1bbec46940d'},1369998933074841603,2021-03-11 15:09:33,happy,"Cyber House Party is back for more!

Prepare to be educated and entertained...  Even better it's all for charity :)

Joiâ€¦","RT @kevin_fielder: Cyber House Party is back for more!

Prepare to be educated and entertained...  Even better it's all for charity :)

Joiâ€¦"
1369998934333128707,{'$oid': '604a1b3d5514f1bbec46940e'},1369998934333128707,2021-03-11 15:09:33,fear, Good that IAF did not claim shooting down PIA â€œfighter air craftâ€ :),@BBCUrdu Good that IAF did not claim shooting down PIA â€œfighter air craftâ€ :)
1369998934706425859,{'$oid': '604a1b3d5514f1bbec46940f'},1369998934706425859,2021-03-11 15:09:34,happy, https://t.co/SZfYgZqoQK thank you for this :),RT @bellastefani31: @StuartEdwards https://t.co/SZfYgZqoQK thank you for this :)
1369998935595626496,{'$oid': '604a1b3d5514f1bbec469410'},1369998935595626496,2021-03-11 15:09:34,happy,Year 5 are enjoying completing their challenge in teams ğŸ˜€ https://t.co/ThfKTs0thF,Year 5 are enjoying completing their challenge in teams ğŸ˜€ https://t.co/ThfKTs0thF
1369998937071919108,{'$oid': '604a1b3d5514f1bbec469411'},1369998937071919108,2021-03-11 15:09:34,happy, thanks :),@dhandbtech thanks :)
1369998937457840132,{'$oid': '604a1b3d5514f1bbec469412'},1369998937457840132,2021-03-11 15:09:34,happy,"Make an appointment and letâ€™s make this a year to remember ğŸ‰ğŸ¥‚â˜€ï¸ğŸˆ

Contact us now on 01424 846791 or  enquiries@qianâ€¦ https://t.co/tkHFYTWV2c","Make an appointment and letâ€™s make this a year to remember ğŸ‰ğŸ¥‚â˜€ï¸ğŸˆ

Contact us now on 01424 846791 or  enquiries@qianâ€¦ https://t.co/tkHFYTWV2c"
1369998938443505664,{'$oid': '604a1b3d5514f1bbec469413'},1369998938443505664,2021-03-11 15:09:34,fear,"This may come as a shock to the Professor.
ğŸ”¶ #Tigray was invaded by Eritrea, their immediate removal is not going tâ€¦ https://t.co/yLV4eiWdD4","This may come as a shock to the Professor.
ğŸ”¶ #Tigray was invaded by Eritrea, their immediate removal is not going tâ€¦ https://t.co/yLV4eiWdD4"
1369998938653163521,{'$oid': '604a1b3d5514f1bbec469414'},1369998938653163521,2021-03-11 15:09:34,happy,"My PS4 broke :(( I need $400 for a new one 

Send to me ğŸ˜¤ 

Cashapp: $sessysoph
PayPal: herosoph45@yahoo.com
Venmo: @Soph-Valâ€¦","RT @Okksoph: My PS4 broke :(( I need $400 for a new one 

Send to me ğŸ˜¤ 

Cashapp: $sessysoph
PayPal: herosoph45@yahoo.com
Venmo: @Soph-Valâ€¦"
1369998940020510725,{'$oid': '604a1b3d5514f1bbec469415'},1369998940020510725,2021-03-11 15:09:35,happy, @WholeMarsBlog @elonmusk AI is safe :),@elementrus @WholeMarsBlog @elonmusk AI is safe :)
1369998941597540355,{'$oid': '604a1b3d5514f1bbec469416'},1369998941597540355,2021-03-11 15:09:35,happy,People in Mumbai and Pune #JathiRatnalu releasing tomorrow at these places. Check and book your tickets . Enjoy the shâ€¦,RT @NaveenPolishety: People in Mumbai and Pune #JathiRatnalu releasing tomorrow at these places. Check and book your tickets . Enjoy the shâ€¦
1369998942063054848,{'$oid': '604a1b3d5514f1bbec469417'},1369998942063054848,2021-03-11 15:09:35,happy,will deact for a while :),will deact for a while :)
1369998944734900226,{'$oid': '604a1b3d5514f1bbec469418'},1369998944734900226,2021-03-11 15:09:36,happy,The POC-Organization is going to talk to bayern 3 today. They will keep us updated!,RT @BTSChartGermany: The POC-Organization is going to talk to bayern 3 today. They will keep us updated!
1369998946702135300,{'$oid': '604a1b3d5514f1bbec469419'},1369998946702135300,2021-03-11 15:09:36,happy, @Cookies @ChanPerco @pierrecappelli @SergeGreen @ericdupin French head yes :),@MarianneThione @Cookies @ChanPerco @pierrecappelli @SergeGreen @ericdupin French head yes :)
1369998949742960642,{'$oid': '604a1b3d5514f1bbec46941a'},1369998949742960642,2021-03-11 15:09:37,happy, @cz_binance we want a copy trading platform :),@binance @cz_binance we want a copy trading platform :)
1369998950099456002,{'$oid': '604a1b3d5514f1bbec46941b'},1369998950099456002,2021-03-11 15:09:37,excitement, Thanks Dr. Whiting :),@drwhiting Thanks Dr. Whiting :)
1369998951567355906,{'$oid': '604a1b3d5514f1bbec46941c'},1369998951567355906,2021-03-11 15:09:38,happy,"This is so beautiful :) #ThattanThattan #DraupathaiyinMuttham from #Karnan 
â¤ï¸","RT @LakshmiPriyaaC: This is so beautiful :) #ThattanThattan #DraupathaiyinMuttham from #Karnan 
â¤ï¸"
1369998952922161152,{'$oid': '604a1b3d5514f1bbec46941d'},1369998952922161152,2021-03-11 15:09:38,happy,"Kun: What are u guys doing rn?
Lucas: Iâ€™m practicing singing....
Kun: Whatâ€™s WinWin doing??
Lucas: Kun ur black haiâ€¦ https://t.co/qMSMiuNxHC","Kun: What are u guys doing rn?
Lucas: Iâ€™m practicing singing....
Kun: Whatâ€™s WinWin doing??
Lucas: Kun ur black haiâ€¦ https://t.co/qMSMiuNxHC"
1369998953727528963,{'$oid': '604a1b3d5514f1bbec46941e'},1369998953727528963,2021-03-11 15:09:38,happy,todayâ€™s mood :) https://t.co/tCZxG0IOTy,todayâ€™s mood :) https://t.co/tCZxG0IOTy
1369998959482179588,{'$oid': '604a1b3d5514f1bbec46941f'},1369998959482179588,2021-03-11 15:09:39,happy,my onlyfans was approved :) yayyyyyyy,RT @emilaaayy_: my onlyfans was approved :) yayyyyyyy
1369998959809204226,{'$oid': '604a1b3d5514f1bbec469420'},1369998959809204226,2021-03-11 15:09:40,happy,"Don't break the chain :)

-your wallpaper
-last song
-7th pic in your gallery

Mahadev Do Justice To SSR ğŸ”±â€¦ https://t.co/koL8hH353C","Don't break the chain :)

-your wallpaper
-last song
-7th pic in your gallery

Mahadev Do Justice To SSR ğŸ”±â€¦ https://t.co/koL8hH353C"
1369998962053283840,{'$oid': '604a1b3d5514f1bbec469421'},1369998962053283840,2021-03-11 15:09:40,happy, Here :),@Its_Jawsh Here :)
1369998962988580864,{'$oid': '604a1b3d5514f1bbec469422'},1369998962988580864,2021-03-11 15:09:40,happy," Hi Jude, can you drop me a line on stacey@thirdangel.co.uk asap so I have your email address please :)","@JudeDanielSmith Hi Jude, can you drop me a line on stacey@thirdangel.co.uk asap so I have your email address please :)"
1369998965467312135,{'$oid': '604a1b3d5514f1bbec469423'},1369998965467312135,2021-03-11 15:09:41,happy,"Make sure you send back the $1,400 stimulus check yâ€¦","RT @DeanObeidallah: Hey Trumpers who don't think Joe Biden is the legitimate President: Make sure you send back the $1,400 stimulus check yâ€¦"
1369998967791001600,{'$oid': '604a1b3d5514f1bbec469424'},1369998967791001600,2021-03-11 15:09:41,happy,"[210311] WayV â€œCome Back  Kick Backâ€ VLive CHN > ENG Translation Highlights ğŸ‘Ÿa threadğŸ”™

T/N: Iâ€™m not sure if theyâ€™re goâ€¦","RT @missclaireliu9: [210311] WayV â€œCome Back  Kick Backâ€ VLive CHN &gt; ENG Translation Highlights ğŸ‘Ÿa threadğŸ”™

T/N: Iâ€™m not sure if theyâ€™re goâ€¦"
1369998980839448581,{'$oid': '604a1b3d5514f1bbec469425'},1369998980839448581,2021-03-11 15:09:45,happy,10 tarik... Attack...Wheel Chair ğŸ™‚ https://t.co/XOGERZD3nG,RT @sottitaki: 10 tarik... Attack...Wheel Chair ğŸ™‚ https://t.co/XOGERZD3nG
1369998982575915009,{'$oid': '604a1b3d5514f1bbec469426'},1369998982575915009,2021-03-11 15:09:45,happy,"Club Clio PH @ Shopee updates:

SKZ event applies to Pro Eye Palette Mini (Mono Mood, Rosy Haze) and Pro Eye Palette #9â€¦","RT @coffeejelly425: Club Clio PH @ Shopee updates:

SKZ event applies to Pro Eye Palette Mini (Mono Mood, Rosy Haze) and Pro Eye Palette #9â€¦"
1369998986153582604,{'$oid': '604a1b3d5514f1bbec469427'},1369998986153582604,2021-03-11 15:09:46,happy, Just listening to music ğŸ™‚,@dobbyland_ Just listening to music ğŸ™‚
1369998992009003010,{'$oid': '604a1b3d5514f1bbec469428'},1369998992009003010,2021-03-11 15:09:47,happy,Join us today on Facebook for the celebration of our Varso Tower in Warsaw becoming the tallest building in the EU.â€¦ https://t.co/YQy16PxESJ,Join us today on Facebook for the celebration of our Varso Tower in Warsaw becoming the tallest building in the EU.â€¦ https://t.co/YQy16PxESJ
1369998993384562690,{'$oid': '604a1b3d5514f1bbec469429'},1369998993384562690,2021-03-11 15:09:48,happy,"Wallpaper Edit From My Side ğŸ™‚

Look Matram ğŸ¤™ğŸ»ğŸ”¥ğŸ˜Œ

All The Best  Anna From @urstrulyMahesh Annaya Fans â¤

#HariHaâ€¦","RT @i_am_DHFM_: Wallpaper Edit From My Side ğŸ™‚

Look Matram ğŸ¤™ğŸ»ğŸ”¥ğŸ˜Œ

All The Best @PawanKalyan Anna From @urstrulyMahesh Annaya Fans â¤

#HariHaâ€¦"
1369998997197180928,{'$oid': '604a1b3d5514f1bbec46942a'},1369998997197180928,2021-03-11 15:09:48,happy, @FLOTUS PROTECTION FROM COVID-19 ğŸ™‚ LONG LIFE HEALTHY FOODS ğŸ™‚ @JoeBiden @FLOTUS  https://t.co/36Q0tGRg7J,RT @t_galendez: @POTUS @FLOTUS PROTECTION FROM COVID-19 ğŸ™‚ LONG LIFE HEALTHY FOODS ğŸ™‚ @JoeBiden @FLOTUS @POTUS https://t.co/36Q0tGRg7J
1369999002981302274,{'$oid': '604a1b3d5514f1bbec46942b'},1369999002981302274,2021-03-11 15:09:50,happy,i told ya'll GIANTS was still #1 https://t.co/Q5NKl7BDje,i told ya'll GIANTS was still #1 https://t.co/Q5NKl7BDje
1369999006487748610,{'$oid': '604a1b3d5514f1bbec46942c'},1369999006487748610,2021-03-11 15:09:51,surprise,Wonderful piece about a movement in extreme music that bodes really well for the future. ğŸ˜Š,RT @AdrienBegrand: Wonderful piece about a movement in extreme music that bodes really well for the future. ğŸ˜Š
1369999009025167370,{'$oid': '604a1b3d5514f1bbec46942d'},1369999009025167370,2021-03-11 15:09:51,happy,"Iâ€™m fine I promise ğŸ™‚
HIS VOICE HIS FACE HIS HAIR HIS EVERYTHING ğŸ¥ºğŸ˜­âœ¨

#JIMIN #ParkJimin #ì§€ë¯¼ https://t.co/vIVhe99T9n","RT @MochiPJM_95: Iâ€™m fine I promise ğŸ™‚
HIS VOICE HIS FACE HIS HAIR HIS EVERYTHING ğŸ¥ºğŸ˜­âœ¨

#JIMIN #ParkJimin #ì§€ë¯¼ https://t.co/vIVhe99T9n"
1369999009712984072,{'$oid': '604a1b3d5514f1bbec46942f'},1369999009712984072,2021-03-11 15:09:51,fear,Pushing through as always. ğŸ™‚,Pushing through as always. ğŸ™‚
1369999012418490372,{'$oid': '604a1b3d5514f1bbec469430'},1369999012418490372,2021-03-11 15:09:52,fear,"If you think $200 dates are too much on the first date..

Then donâ€™t take that person there. Dummies. ğŸ™‚","RT @A_YOSHI_BADD: If you think $200 dates are too much on the first date..

Then donâ€™t take that person there. Dummies. ğŸ™‚"
1369999144127848453,{'$oid': '604a1b3d5514f1bbec469441'},1369999144127848453,2021-03-11 15:10:23,fear,"When you start focussing on your career 
You lose my people !!!!! ğŸ™‚","RT @Anandarushi22: When you start focussing on your career 
You lose my people !!!!! ğŸ™‚"
1369999159315496963,{'$oid': '604a1b3d5514f1bbec469444'},1369999159315496963,2021-03-11 15:10:27,anger,Wake up man. ğŸ™‚,Wake up man. ğŸ™‚
1369999160095694851,{'$oid': '604a1b3d5514f1bbec469445'},1369999160095694851,2021-03-11 15:10:27,anger,There is no award for people who donâ€™t reply to comments. ğŸ™‚,RT @General_Oluchi: There is no award for people who donâ€™t reply to comments. ğŸ™‚
1369999167632801795,{'$oid': '604a1b3d5514f1bbec469448'},1369999167632801795,2021-03-11 15:10:29,surprise,This 12 year old from Tamil Nadu told Shri  that he was a sprinter & aspire to become an athelete. A week latâ€¦,RT @GauravPandhi: This 12 year old from Tamil Nadu told Shri @RahulGandhi that he was a sprinter &amp; aspire to become an athelete. A week latâ€¦
1369999170136797188,{'$oid': '604a1b3e5514f1bbec469449'},1369999170136797188,2021-03-11 15:10:30,anger,converge's acting up ğŸ™‚,converge's acting up ğŸ™‚
1369999183768285187,{'$oid': '604a1b3e5514f1bbec46944a'},1369999183768285187,2021-03-11 15:10:33,surprise,take this as motivation and stream atiny ğŸ™‚ https://t.co/WEEiqCRyMm,RT @roseandmint: take this as motivation and stream atiny ğŸ™‚ https://t.co/WEEiqCRyMm
1369999197315993602,{'$oid': '604a1b3e5514f1bbec46944c'},1369999197315993602,2021-03-11 15:10:36,excitement,Yeth ğŸ™‚,Yeth ğŸ™‚
1369999219780689920,{'$oid': '604a1b3e5514f1bbec46944f'},1369999219780689920,2021-03-11 15:10:42,fear, Schummer to Boomer will get you home sooner! ğŸ™‚,@WaterlooCC Schummer to Boomer will get you home sooner! ğŸ™‚
1369999223685451779,{'$oid': '604a1b3e5514f1bbec469451'},1369999223685451779,2021-03-11 15:10:42,fear,Some ppl spread false rumors to run their youtube business using #SidNaaz tag everywhere manipulating neutrals! But iâ€¦,RT @PremSha23719235: Some ppl spread false rumors to run their youtube business using #SidNaaz tag everywhere manipulating neutrals! But iâ€¦
1369999228651585541,{'$oid': '604a1b3e5514f1bbec469454'},1369999228651585541,2021-03-11 15:10:44,fear, My flight on 2 April now cancelled. Trying to think of other options. Can you give a round up of how your trip worâ€¦,RT @aldetect: @teresadg0 My flight on 2 April now cancelled. Trying to think of other options. Can you give a round up of how your trip worâ€¦
1369999230920650755,{'$oid': '604a1b3e5514f1bbec469455'},1369999230920650755,2021-03-11 15:10:44,pleasant," Using the app, as well as the Google app on iPhone ğŸ™‚","@Blackmoor_Film Using the app, as well as the Google app on iPhone ğŸ™‚"
1369999251871252488,{'$oid': '604a1b3e5514f1bbec469459'},1369999251871252488,2021-03-11 15:10:49,fear,Seriously guys!!!! This cannot be overemphasized. Men are going through terrible things. Society expects them to chin up eacâ€¦,RT @missdamie: Seriously guys!!!! This cannot be overemphasized. Men are going through terrible things. Society expects them to chin up eacâ€¦
1369999254585020420,{'$oid': '604a1b3e5514f1bbec46945a'},1369999254585020420,2021-03-11 15:10:50,pleasant,"Perfect Raft, This is Art.
 ğŸ™‚ https://t.co/qwDg6S8MVY","RT @BlackRembrant: Perfect Raft, This is Art.
@SizweDhlomo ğŸ™‚ https://t.co/qwDg6S8MVY"
1369999283764813829,{'$oid': '604a1b3e5514f1bbec46945c'},1369999283764813829,2021-03-11 15:10:57,fear,"At some point, you might be tempted to wave your hand in front of someone that uses glasses and ask â€˜how many fingersâ€¦","RT @IntelwithDrNuel: At some point, you might be tempted to wave your hand in front of someone that uses glasses and ask â€˜how many fingersâ€¦"
1369999295487819776,{'$oid': '604a1b3e5514f1bbec46945d'},1369999295487819776,2021-03-11 15:11:00,fear,"If as a human, you are unable to say the truth as it is because you support a person or a group of people & deep down youâ€¦","RT @TheLazyCheff: If as a human, you are unable to say the truth as it is because you support a person or a group of people &amp; deep down youâ€¦"
1369999320834072582,{'$oid': '604a1b3e5514f1bbec469461'},1369999320834072582,2021-03-11 15:11:06,fear,"Not sure, why SSrians r not disliking this one? Mahadev Do Justice 2 SSR","Not sure, why SSrians r not disliking this one? Mahadev Do Justice 2 SSR"
1369999346071175171,{'$oid': '604a1b3e5514f1bbec469465'},1369999346071175171,2021-03-11 15:11:12,excitement, Thanks Doug ğŸ™‚,@songofstreams Thanks Doug ğŸ™‚
1369999366967136260,{'$oid': '604a1b3e5514f1bbec469469'},1369999366967136260,2021-03-11 15:11:17,fear, I thought you meant glittering dice which is a legit question too. ğŸ™‚,@Goblinkatie I thought you meant glittering dice which is a legit question too. ğŸ™‚
1369999377662631936,{'$oid': '604a1b3e5514f1bbec46946b'},1369999377662631936,2021-03-11 15:11:19,anger,Here's a course from unisa since forex is a scam. The course is around R40k for everything and it's a short course so when yâ€¦,RT @reeyah_sa: Here's a course from unisa since forex is a scam. The course is around R40k for everything and it's a short course so when yâ€¦
1369999394335055875,{'$oid': '604a1b3e5514f1bbec46946f'},1369999394335055875,2021-03-11 15:11:23,excitement,ğ™„ ğ™¨ğ™šğ™˜ğ™§ğ™šğ™©ğ™¡ğ™® ğ™œğ™šğ™© ğ™Ÿğ™šğ™–ğ™¡ğ™¤ğ™ªğ™¨ ğ™¬ğ™ğ™šğ™£ ğ™„ ğ™¨ğ™šğ™š ğ™®ğ™¤ğ™ª ğ™©ğ™–ğ™¡ğ™ ğ™ğ™£ğ™œ ğ™¬ğ™ğ™©ğ™ ğ™¨ğ™¤ğ™¢ğ™šğ™¤ğ™£ğ™š ğŸ™‚,ğ™„ ğ™¨ğ™šğ™˜ğ™§ğ™šğ™©ğ™¡ğ™® ğ™œğ™šğ™© ğ™Ÿğ™šğ™–ğ™¡ğ™¤ğ™ªğ™¨ ğ™¬ğ™ğ™šğ™£ ğ™„ ğ™¨ğ™šğ™š ğ™®ğ™¤ğ™ª ğ™©ğ™–ğ™¡ğ™ ğ™ğ™£ğ™œ ğ™¬ğ™ğ™©ğ™ ğ™¨ğ™¤ğ™¢ğ™šğ™¤ğ™£ğ™š ğŸ™‚
1369999402182533120,{'$oid': '604a1b3e5514f1bbec469471'},1369999402182533120,2021-03-11 15:11:25,anger,Donâ€™t stop sending nudes. ğŸ™‚,RT @Kuame_Oliver: Donâ€™t stop sending nudes. ğŸ™‚
1369999408746668032,{'$oid': '604a1b3e5514f1bbec469473'},1369999408746668032,2021-03-11 15:11:27,anger," Yes mate, direct feed into the goggles from the drone !!
Used for stunts and racing mostly ğŸ™‚","@MIDNI6HTRIDER Yes mate, direct feed into the goggles from the drone !!
Used for stunts and racing mostly ğŸ™‚"
1369999435564949507,{'$oid': '604a1b3e5514f1bbec469476'},1369999435564949507,2021-03-11 15:11:33,fear,No! Will fight for him...till my last breath !! ğŸ™,RT @tehseenp: No! Will fight for him...till my last breath !! ğŸ™
1369999482667032576,{'$oid': '604a1b3e5514f1bbec46947d'},1369999482667032576,2021-03-11 15:11:44,fear," This question itself is wrong!

The question should be ""Should people who smoke, drink become parents?"" ğŸ™‚","@DeepikaBhardwaj This question itself is wrong!

The question should be ""Should people who smoke, drink become parents?"" ğŸ™‚"
1369999496059383812,{'$oid': '604a1b3e5514f1bbec46947f'},1369999496059383812,2021-03-11 15:11:47,fear,"Many love call. Singers and producers from industry wants EXO D.O. Please contact him directly, bcs contacting the compaâ€¦","RT @shinshin_dyoo: Many love call. Singers and producers from industry wants EXO D.O. Please contact him directly, bcs contacting the compaâ€¦"
1369999531434143745,{'$oid': '604a1b3e5514f1bbec469482'},1369999531434143745,2021-03-11 15:11:56,excitement, PayPay ğŸ™‚,@syatifwoko_pipi PayPay ğŸ™‚
1369999548379144199,{'$oid': '604a1b3e5514f1bbec469485'},1369999548379144199,2021-03-11 15:12:00,fear,"I miss their presence on Instagram :( 

or just them casually sharing pics of them hanging out â˜¹ï¸ https://t.co/g2dZO5Rh9b","I miss their presence on Instagram :( 

or just them casually sharing pics of them hanging out â˜¹ï¸ https://t.co/g2dZO5Rh9b"
1369999573297500164,{'$oid': '604a1b3e5514f1bbec46948b'},1369999573297500164,2021-03-11 15:12:06,anger,he's a fluffy bread :( https://t.co/x5VCoQOsv9,RT @jhopians: he's a fluffy bread :( https://t.co/x5VCoQOsv9
1369999593723686917,{'$oid': '604a1b3e5514f1bbec46948e'},1369999593723686917,2021-03-11 15:12:11,surprise,this song is literally for when ure feeling down.. :(,this song is literally for when ure feeling down.. :(
1369999610979131393,{'$oid': '604a1b3e5514f1bbec469493'},1369999610979131393,2021-03-11 15:12:15,fear,he's so tiny :( https://t.co/fH4KiEk06M,he's so tiny :( https://t.co/fH4KiEk06M
1369999616058548224,{'$oid': '604a1b3e5514f1bbec469495'},1369999616058548224,2021-03-11 15:12:16,fear,"Holding her arm :(

Why?","Holding her arm :(

Why?"
1369999630356779011,{'$oid': '604a1b3e5514f1bbec46949a'},1369999630356779011,2021-03-11 15:12:19,fear,i would like to thank chan for not giving up when he was a trainee even if it was hard for him :(,RT @skivanter: i would like to thank chan for not giving up when he was a trainee even if it was hard for him :(
1369999631153688577,{'$oid': '604a1b3e5514f1bbec46949b'},1369999631153688577,2021-03-11 15:12:20,pleasant,missing howoo hours open :(  https://t.co/Hmx1Kuyp7g,RT @soonderehoon: missing howoo hours open :(  https://t.co/Hmx1Kuyp7g
1369999640431497219,{'$oid': '604a1b3e5514f1bbec46949d'},1369999640431497219,2021-03-11 15:12:22,fear, Me missing you already :(,@MeganA_mma Me missing you already :(
1369999653643689995,{'$oid': '604a1b3e5514f1bbec4694a1'},1369999653643689995,2021-03-11 15:12:25,fear, peak times :(,@Mvqics1 peak times :(
1369999654612443140,{'$oid': '604a1b3e5514f1bbec4694a3'},1369999654612443140,2021-03-11 15:12:25,anger,I feel bad for Kyungsoo for enlisting in sm dungeon :( free him from that shit hole already! #SM_ê²½ìˆ˜ë¥¼_ìœ„í•´_ì¼í•´ë¼,RT @poopilet: I feel bad for Kyungsoo for enlisting in sm dungeon :( free him from that shit hole already! #SM_ê²½ìˆ˜ë¥¼_ìœ„í•´_ì¼í•´ë¼
1369999655942115330,{'$oid': '604a1b3e5514f1bbec4694a4'},1369999655942115330,2021-03-11 15:12:25,fear," He's using free speech as an excuse for being an ass!? That's not how it should be used :( 

I'm soâ€¦ https://t.co/MRQWlVSN0j","@soft_spacegirl He's using free speech as an excuse for being an ass!? That's not how it should be used :( 

I'm soâ€¦ https://t.co/MRQWlVSN0j"
1369999658685112325,{'$oid': '604a1b3e5514f1bbec4694a7'},1369999658685112325,2021-03-11 15:12:26,excitement, Nitip :(,@elvyptr Nitip :(
1369999660304134148,{'$oid': '604a1b3e5514f1bbec4694a8'},1369999660304134148,2021-03-11 15:12:27,fear,"I miss their presence on Instagram :( 

or just them casually sharing pics of them hanging out â˜¹ï¸ https://t.co/g2dZO5Rh9b","RT @_joshuzi: I miss their presence on Instagram :( 

or just them casually sharing pics of them hanging out â˜¹ï¸ https://t.co/g2dZO5Rh9b"
1369999667266732038,{'$oid': '604a1b3f5514f1bbec4694ab'},1369999667266732038,2021-03-11 15:12:28,fear, Donâ€™t watch #belowdeck it feels like most the chefs are totally unable to understand vegan food =/=  https://t.co/1Wm6kLqckc,@retronicals Donâ€™t watch #belowdeck it feels like most the chefs are totally unable to understand vegan food =/= blâ€¦ https://t.co/1Wm6kLqckc
1369999683460988938,{'$oid': '604a1b3f5514f1bbec4694af'},1369999683460988938,2021-03-11 15:12:32,excitement, Probablemente covid :(,@MarioJL Probablemente covid :(
1369999695792181250,{'$oid': '604a1b3f5514f1bbec4694b1'},1369999695792181250,2021-03-11 15:12:35,surprise,"like frick, vaporeon is the only one that has a day in december :(","like frick, vaporeon is the only one that has a day in december :("
1369999730223239168,{'$oid': '604a1b3f5514f1bbec4694bb'},1369999730223239168,2021-03-11 15:12:43,fear,"they were being mean :(
          O
          /|\   
         / | \      
          / \              
         /   \â€¦","RT @xaioven: childe: they were being mean :(
          O
          /|\   
         / | \      
          / \              
         /   \â€¦"
1369999731452215301,{'$oid': '604a1b3f5514f1bbec4694bc'},1369999731452215301,2021-03-11 15:12:43,excitement,*CRIES*,*CRIES*
1369999731674521604,{'$oid': '604a1b3f5514f1bbec4694bd'},1369999731674521604,2021-03-11 15:12:44,anger,Sandstorm explosion ... wow ğŸ˜® https://t.co/6XHDE1p2vI,RT @DaniellaC_76: Sandstorm explosion ... wow ğŸ˜® https://t.co/6XHDE1p2vI
1369999738003742722,{'$oid': '604a1b3f5514f1bbec4694bf'},1369999738003742722,2021-03-11 15:12:45,anger,he is sending me snaps of his train trip :( i thinkğŸ’ğŸ’,he is sending me snaps of his train trip :( i thinkğŸ’ğŸ’
1369999739756838913,{'$oid': '604a1b3f5514f1bbec4694c0'},1369999739756838913,2021-03-11 15:12:45,excitement,sOFT,sOFT
1369999751370964994,{'$oid': '604a1b3f5514f1bbec4694c4'},1369999751370964994,2021-03-11 15:12:48,fear,have you watched or do you know where could i watch alexâ€™s stand up?? :( â€” a lot of his standup hasnt been  https://t.co/gJj4vrEZou,have you watched or do you know where could i watch alexâ€™s stand up?? :( â€” a lot of his standup hasnt been recordedâ€¦ https://t.co/gJj4vrEZou
1369999753283391492,{'$oid': '604a1b3f5514f1bbec4694c5'},1369999753283391492,2021-03-11 15:12:49,fear,theyâ€™ve been there from the start and watched taehyun grow up :( https://t.co/aiWpLvHnDR,RT @taebinjuntwt: theyâ€™ve been there from the start and watched taehyun grow up :( https://t.co/aiWpLvHnDR
1369999770735976452,{'$oid': '604a1b3f5514f1bbec4694c9'},1369999770735976452,2021-03-11 15:12:53,anger,i thought hendery dyed his hair back to black for a sec but close enough... ğŸ˜³ hendery black hair comeback when https://t.co/bDA13XZLgl,i thought hendery dyed his hair back to black for a sec but close enough... ğŸ˜³ hendery black hair comeback when https://t.co/bDA13XZLgl
1369999784598118401,{'$oid': '604a1b3f5514f1bbec4694cf'},1369999784598118401,2021-03-11 15:12:56,surprise,plot twist terplot twist,plot twist terplot twist
1369999801606017027,{'$oid': '604a1b3f5514f1bbec4694d8'},1369999801606017027,2021-03-11 15:13:00,fear,WayV is not WayV without Lucas and Winwin ğŸ˜¢ https://t.co/dUc7IRespT,WayV is not WayV without Lucas and Winwin ğŸ˜¢ https://t.co/dUc7IRespT
1369999806496604164,{'$oid': '604a1b3f5514f1bbec4694dc'},1369999806496604164,2021-03-11 15:13:01,fear,Itâ€™s a shame people rubbing their hands with glee about cheap subsidised holiday flights arenâ€™t thinking much about hundredâ€¦,RT @D_Melissa2: Itâ€™s a shame people rubbing their hands with glee about cheap subsidised holiday flights arenâ€™t thinking much about hundredâ€¦
1369999809055182852,{'$oid': '604a1b3f5514f1bbec4694de'},1369999809055182852,2021-03-11 15:13:02,fear, @CNN BREAKING: I will never have drip like Ocho in my life ğŸ˜¢,@ochocinco @CNN BREAKING: I will never have drip like Ocho in my life ğŸ˜¢
1369999812687392778,{'$oid': '604a1b3f5514f1bbec4694e1'},1369999812687392778,2021-03-11 15:13:03,fear,"if ur fine with minors in ur space, dont send them nsfw it is that simple it doesnt take any form of mental gymnastics trust mâ€¦","RT @azuxide: if ur fine with minors in ur space, dont send them nsfw it is that simple it doesnt take any form of mental gymnastics trust mâ€¦"
1369999816349147136,{'$oid': '604a1b3f5514f1bbec4694e5'},1369999816349147136,2021-03-11 15:13:04,anger,ğŸ˜ª and the chrome wings,ğŸ˜ª and the chrome wings
1369999830551048199,{'$oid': '604a1b3f5514f1bbec4694ea'},1369999830551048199,2021-03-11 15:13:07,fear,Shy ninja girl ğŸ˜³ https://t.co/cb0vkIxNdR,RT @Repinscourge: Shy ninja girl ğŸ˜³ https://t.co/cb0vkIxNdR
1369999833705050115,{'$oid': '604a1b3f5514f1bbec4694ec'},1369999833705050115,2021-03-11 15:13:08,fear,thinking about Dahyun and her left shoulder ğŸ˜³ https://t.co/eCU2t6GAai,RT @dahyunnator: thinking about Dahyun and her left shoulder ğŸ˜³ https://t.co/eCU2t6GAai
1369999836129472512,{'$oid': '604a1b3f5514f1bbec4694ef'},1369999836129472512,2021-03-11 15:13:08,fear,This really be the mood. Especially when you realize those jobs donâ€™t gaf about you!,This really be the mood. Especially when you realize those jobs donâ€™t gaf about you!
1369999855863562242,{'$oid': '604a1b3f5514f1bbec4694f5'},1369999855863562242,2021-03-11 15:13:13,excitement, yeah.. ğŸ˜³,@choconleche yeah.. ğŸ˜³
1369999859697278985,{'$oid': '604a1b3f5514f1bbec4694f6'},1369999859697278985,2021-03-11 15:13:14,fear," I donâ€™t dislike either singles, just they might be the weakest on the album ğŸ˜³","@tommyvmahoney I donâ€™t dislike either singles, just they might be the weakest on the album ğŸ˜³"
1369999866743517184,{'$oid': '604a1b3f5514f1bbec4694fa'},1369999866743517184,2021-03-11 15:13:16,anger,map of the soul 7 was the best selling album in the entire world in 2020 ğŸ˜³,RT @monipersona: map of the soul 7 was the best selling album in the entire world in 2020 ğŸ˜³
1369999869776105473,{'$oid': '604a1b3f5514f1bbec4694fc'},1369999869776105473,2021-03-11 15:13:16,fear,"Pool or beach? ğŸŒŠ I prefer the pool a Iot more, because I'm scÃ¡red of actually all sea living things ğŸ˜³

Kasumi, Nami, Androâ€¦","RT @kerocchicos: Pool or beach? ğŸŒŠ I prefer the pool a Iot more, because I'm scÃ¡red of actually all sea living things ğŸ˜³

Kasumi, Nami, Androâ€¦"
1369999875971158029,{'$oid': '604a1b3f5514f1bbec469500'},1369999875971158029,2021-03-11 15:13:18,surprise, One piece ğŸ˜³,@7MZoficial One piece ğŸ˜³
1369999897244622849,{'$oid': '604a1b405514f1bbec469505'},1369999897244622849,2021-03-11 15:13:23,pleasant,"""Tesla has increased prices on its cheapest and most expensive electric vehicles in a quiet overnight update to its onlineâ€¦","RT @WPipperger: ""Tesla has increased prices on its cheapest and most expensive electric vehicles in a quiet overnight update to its onlineâ€¦"
1369999946141872134,{'$oid': '604a1b405514f1bbec46950e'},1369999946141872134,2021-03-11 15:13:35,fear,"A little of what you can find in onlyfans ğŸ”¥ğŸ† https://t.co/pjdwPzWG7a

there is more explicit content and pornography ğŸ˜³ https:/â€¦","RT @Ur4_666: A little of what you can find in onlyfans ğŸ”¥ğŸ† https://t.co/pjdwPzWG7a

there is more explicit content and pornography ğŸ˜³ https:/â€¦"
1369999947022688259,{'$oid': '604a1b405514f1bbec46950f'},1369999947022688259,2021-03-11 15:13:35,anger, the audacity!!!! ğŸ˜³,@ItsAspeling the audacity!!!! ğŸ˜³
1369999948176101378,{'$oid': '604a1b405514f1bbec469511'},1369999948176101378,2021-03-11 15:13:35,fear,Not me seeing men on the tl trying to justify men attacking women ğŸ˜³ Use proper take that men v women serious. A  https://t.co/OVCYprW316,Not me seeing men on the tl trying to justify men attacking women ğŸ˜³ Use proper take that men v women serious. A womâ€¦ https://t.co/OVCYprW316
1369999951963377664,{'$oid': '604a1b405514f1bbec469513'},1369999951963377664,2021-03-11 15:13:36,fear,why would they cut two bros in the hot tub ğŸ˜¢,RT @ceojikoo: why would they cut two bros in the hot tub ğŸ˜¢
1369999958292713473,{'$oid': '604a1b405514f1bbec469514'},1369999958292713473,2021-03-11 15:13:38,anger,"Good god, thatâ€™s terrifying. Most classic image of tornado Iâ€™ve ever seen ğŸ˜³","Good god, thatâ€™s terrifying. Most classic image of tornado Iâ€™ve ever seen ğŸ˜³"
1369999962201800705,{'$oid': '604a1b405514f1bbec469515'},1369999962201800705,2021-03-11 15:13:39,fear,"Grandad recently lost his job and my granny is furloughed due to covid, anyone know any supermarkets, nightshift places lookiâ€¦","RT @11_mills: Grandad recently lost his job and my granny is furloughed due to covid, anyone know any supermarkets, nightshift places lookiâ€¦"
1369999970628206596,{'$oid': '604a1b405514f1bbec469518'},1369999970628206596,2021-03-11 15:13:41,surprise,"Is this really the standard of journalism in the UK today?

â€œIs your family racist?â€

Exactly what response did you expecâ€¦","RT @SaltyDuchess: Is this really the standard of journalism in the UK today?

â€œIs your family racist?â€

Exactly what response did you expecâ€¦"
1369999971957800960,{'$oid': '604a1b405514f1bbec469519'},1369999971957800960,2021-03-11 15:13:41,fear,"President Zuma said free education and we chased him away, Cyril says no free education and we say lead us Matamela, how fooliâ€¦","RT @Matome8: President Zuma said free education and we chased him away, Cyril says no free education and we say lead us Matamela, how fooliâ€¦"
1370000010063065091,{'$oid': '604a1b405514f1bbec469521'},1370000010063065091,2021-03-11 15:13:50,anger," Chrystia , i listened to your response to Pierre Polliviere in the house today.  Very delusional.  ğŸ˜³
I hear tâ€¦","RT @Angela0007ab: @cafreeland Chrystia , i listened to your response to Pierre Polliviere in the house today.  Very delusional.  ğŸ˜³
I hear tâ€¦"
1370000018300624906,{'$oid': '604a1b405514f1bbec469524'},1370000018300624906,2021-03-11 15:13:52,fear,The one time I wasnâ€™t expecting someone to walk in ğŸ˜³ I almost came from the adrenaline of getting caught https://t.co/Kâ€¦,RT @cruisingformen: The one time I wasnâ€™t expecting someone to walk in ğŸ˜³ I almost came from the adrenaline of getting caught https://t.co/Kâ€¦
1370000025036546051,{'$oid': '604a1b405514f1bbec469528'},1370000025036546051,2021-03-11 15:13:53,fear,"[ #bkdk ] i am the biggest sucker for kissing as a diversion, especially when one person doesn't give the other any warningâ€¦","RT @yallstari: [ #bkdk ] i am the biggest sucker for kissing as a diversion, especially when one person doesn't give the other any warningâ€¦"
1370000030858424320,{'$oid': '604a1b405514f1bbec46952b'},1370000030858424320,2021-03-11 15:13:55,fear,"Absolutely stunned that the Tories have just voted to allow the Covid public health laws to lapse after 31st March, when pâ€¦","RT @markruskell: Absolutely stunned that the Tories have just voted to allow the Covid public health laws to lapse after 31st March, when pâ€¦"
1370000032368300041,{'$oid': '604a1b405514f1bbec46952c'},1370000032368300041,2021-03-11 15:13:55,fear,Can time slow down ğŸ˜¢ Just trying to cherish every moment â¤ï¸ https://t.co/DkJyJU5fQj,RT @Terrell_Jarius_: Can time slow down ğŸ˜¢ Just trying to cherish every moment â¤ï¸ https://t.co/DkJyJU5fQj
1370000045676761093,{'$oid': '604a1b405514f1bbec46952e'},1370000045676761093,2021-03-11 15:13:58,surprise,"This is how modern fishing looks. ğŸ˜¡

So much cruelty and suffering. One reason the oceans could be basically empty in a fewâ€¦","RT @JohnOberg: This is how modern fishing looks. ğŸ˜¡

So much cruelty and suffering. One reason the oceans could be basically empty in a fewâ€¦"
1370000066061160451,{'$oid': '604a1b405514f1bbec469531'},1370000066061160451,2021-03-11 15:14:03,fear,Anyone not voting SNP is a unionist. If they claim to be pro Indy they are lying.,Anyone not voting SNP is a unionist. If they claim to be pro Indy they are lying.
1370000067461976067,{'$oid': '604a1b405514f1bbec469532'},1370000067461976067,2021-03-11 15:14:04,fear,The audacity of these paintings to not have sold yet ğŸ˜  Show them they are worthy too? ğŸ˜ Reply or DM to place your orderâ€¦,RT @Sindhi_Chokrii: The audacity of these paintings to not have sold yet ğŸ˜  Show them they are worthy too? ğŸ˜ Reply or DM to place your orderâ€¦
1370000068749692929,{'$oid': '604a1b405514f1bbec469533'},1370000068749692929,2021-03-11 15:14:04,fear,Bell is not hot ğŸ˜¡,Bell is not hot ğŸ˜¡
1370000097090691080,{'$oid': '604a1b405514f1bbec469535'},1370000097090691080,2021-03-11 15:14:11,fear,Sometimes I still think about how Seungseok wore the couple red airpods immediately after receiving it from fans and then saâ€¦,RT @wsyddadda: Sometimes I still think about how Seungseok wore the couple red airpods immediately after receiving it from fans and then saâ€¦
1370000101205184513,{'$oid': '604a1b405514f1bbec469538'},1370000101205184513,2021-03-11 15:14:12,anger, SHSHSJSAJKS screw them for didnt put klee there. ğŸ˜ ,@adeeptus SHSHSJSAJKS screw them for didnt put klee there. ğŸ˜ 
1370000123611123717,{'$oid': '604a1b405514f1bbec46953c'},1370000123611123717,2021-03-11 15:14:17,fear,Junta spoke person said police and military used disproportionate force on the protesters because of personal  https://t.co/XeZAI7oQZ1,Junta spoke person said police and military used disproportionate force on the protesters because of personal emotiâ€¦ https://t.co/XeZAI7oQZ1
1370000140749131780,{'$oid': '604a1b405514f1bbec469542'},1370000140749131780,2021-03-11 15:14:21,fear,"also, you come to MY house and accuse ME of heterosexuality????? ğŸ˜ ","RT @proyearner: also, you come to MY house and accuse ME of heterosexuality????? ğŸ˜ "
1370000144347856916,{'$oid': '604a1b405514f1bbec469543'},1370000144347856916,2021-03-11 15:14:22,anger,Choking for a date night so bad â˜¹ï¸ steak dinner & a LOT of cocktails would go down a treat,RT @EliseBrodie1: Choking for a date night so bad â˜¹ï¸ steak dinner &amp; a LOT of cocktails would go down a treat
1370000172315336705,{'$oid': '604a1b405514f1bbec469546'},1370000172315336705,2021-03-11 15:14:29,fear,jun or wonwoo when they have a car â˜¹ï¸,RT @wonpilicious: jun or wonwoo when they have a car â˜¹ï¸
1370000186542546946,{'$oid': '604a1b405514f1bbec46954a'},1370000186542546946,2021-03-11 15:14:32,pleasant, green ğŸ˜¡,@bunnyslitzzz green ğŸ˜¡
1370000187146567682,{'$oid': '604a1b405514f1bbec46954b'},1370000187146567682,2021-03-11 15:14:32,fear,â¬‡ï¸ if a person has said Sorry/No/etc then also please donâ€™t repeatedly contact them & imply they need to do the favor or gigâ€¦,RT @taraplatt: â¬‡ï¸ if a person has said Sorry/No/etc then also please donâ€™t repeatedly contact them &amp; imply they need to do the favor or gigâ€¦
1370000195379924996,{'$oid': '604a1b405514f1bbec46954c'},1370000195379924996,2021-03-11 15:14:34,surprise," https://t.co/xDrvClznxJ
This review of the book implies it's about two heroic trans women who  deceiâ€¦ https://t.co/3NiqSWHzSn","@legalfeminist https://t.co/xDrvClznxJ
This review of the book implies it's about two heroic trans women who  deceiâ€¦ https://t.co/3NiqSWHzSn"
1370000204586487809,{'$oid': '604a1b405514f1bbec46954f'},1370000204586487809,2021-03-11 15:14:36,fear,People are so fkd up. Do you remember that time Jimin called out that guy because he thought his toys were more  https://t.co/5MUWEhyprn,People are so fkd up. Do you remember that time Jimin called out that guy because he thought his toys were more impâ€¦ https://t.co/5MUWEhyprn
1370000223842406401,{'$oid': '604a1b405514f1bbec469553'},1370000223842406401,2021-03-11 15:14:41,fear,i remember how jennie called rosÃ© hubby bc of how cool she looked and she would lead her in places and she does it with hyerâ€¦,RT @rosieents: i remember how jennie called rosÃ© hubby bc of how cool she looked and she would lead her in places and she does it with hyerâ€¦
1370000250858004485,{'$oid': '604a1b405514f1bbec469554'},1370000250858004485,2021-03-11 15:14:47,fear,"So Boris Johnson has misled parliament during #PMQs.

Will he apologise; state his mistake; or be punished?

Will he heâ€¦","RT @MaxRobertFinch: So Boris Johnson has misled parliament during #PMQs.

Will he apologise; state his mistake; or be punished?

Will he heâ€¦"
1370000258361663489,{'$oid': '604a1b405514f1bbec469556'},1370000258361663489,2021-03-11 15:14:49,anger,every time i request to buy a new winter package joon pc on mercari someone buys it before me why are they mimaphobic ğŸ˜ ,every time i request to buy a new winter package joon pc on mercari someone buys it before me why are they mimaphobic ğŸ˜ 
1370000264384688129,{'$oid': '604a1b405514f1bbec469557'},1370000264384688129,2021-03-11 15:14:51,fear,You woke up and chose violence ğŸ˜¡ https://t.co/ODhp5p48H8,RT @Tel_breezy305: You woke up and chose violence ğŸ˜¡ https://t.co/ODhp5p48H8
1370000265168969732,{'$oid': '604a1b405514f1bbec469558'},1370000265168969732,2021-03-11 15:14:51,fear," seriously, honey containers should be made of heavy paper cardboard -  not plastic so durable it is  https://t.co/CTBaijYFeo","@AnandWrites seriously, honey containers should be made of heavy paper cardboard -  not plastic so durable it is inâ€¦ https://t.co/CTBaijYFeo"
1370000306340253707,{'$oid': '604a1b405514f1bbec46955c'},1370000306340253707,2021-03-11 15:15:01,fear,"Horrible that Meghan Markle had her passport taken away from her when she joined the Royal Household. ğŸ˜ 

Presumably heâ€¦","RT @ThomasEvans1984: Horrible that Meghan Markle had her passport taken away from her when she joined the Royal Household. ğŸ˜ 

Presumably heâ€¦"
1370000333112545285,{'$oid': '604a1b405514f1bbec46955d'},1370000333112545285,2021-03-11 15:15:07,fear,"Fuck cancer and fuck the hospital that tried hiding how they accidentally overdosed my cousin with drugs by ""offeriâ€¦ https://t.co/MnUJVg8eXE","Fuck cancer and fuck the hospital that tried hiding how they accidentally overdosed my cousin with drugs by ""offeriâ€¦ https://t.co/MnUJVg8eXE"
1370000344890105858,{'$oid': '604a1b405514f1bbec46955f'},1370000344890105858,2021-03-11 15:15:10,fear,"Doing your hair, lashes, pedi and waxing in one day will truly remind you how expensive it is being a woman. â˜¹ï¸","RT @Liyeezus: Doing your hair, lashes, pedi and waxing in one day will truly remind you how expensive it is being a woman. â˜¹ï¸"
1370000344965644290,{'$oid': '604a1b405514f1bbec469560'},1370000344965644290,2021-03-11 15:15:10,surprise,"This mom was so young! 
The virus is 99% curable on its own, this injection is not needed. 
This is horrific! ğŸ˜¡
https://tâ€¦","RT @PatriotGaGa1: This mom was so young! 
The virus is 99% curable on its own, this injection is not needed. 
This is horrific! ğŸ˜¡
https://tâ€¦"
1370000346450395139,{'$oid': '604a1b405514f1bbec469561'},1370000346450395139,2021-03-11 15:15:10,fear, when are you people going to return my money? Abi until I start laying curses? What's all this naw ğŸ˜ after how many week ğŸ˜ ,@vbankng when are you people going to return my money? Abi until I start laying curses? What's all this naw ğŸ˜ after how many week ğŸ˜ 
1370000408068886539,{'$oid': '604a1b405514f1bbec469565'},1370000408068886539,2021-03-11 15:15:25,anger,im eating my blueberry banana muffin and fancy tea with coconut milk. someone be proud ğŸ˜¡,im eating my blueberry banana muffin and fancy tea with coconut milk. someone be proud ğŸ˜¡
1370000410841391109,{'$oid': '604a1b405514f1bbec469566'},1370000410841391109,2021-03-11 15:15:25,pleasant,Patrols are being conducted along the Myton Road at peak times and vehicles seen causing an obstruction will be  https://t.co/cRDzxQe4Ga,Patrols are being conducted along the Myton Road at peak times and vehicles seen causing an obstruction will be issâ€¦ https://t.co/cRDzxQe4Ga
1370000416457506818,{'$oid': '604a1b405514f1bbec469568'},1370000416457506818,2021-03-11 15:15:27,fear,"Are we ever going to talk about how the ""eyewitnesses"" crossed 350 kilometres from Axum to Hamdayet, but they somehow mâ€¦","RT @jeffpropulsion: Are we ever going to talk about how the ""eyewitnesses"" crossed 350 kilometres from Axum to Hamdayet, but they somehow mâ€¦"
1370000437630230536,{'$oid': '604a1b405514f1bbec469569'},1370000437630230536,2021-03-11 15:15:32,anger,aw seonghwa said his favourite song is star 1117 â˜¹ï¸,aw seonghwa said his favourite song is star 1117 â˜¹ï¸
1370000438427332614,{'$oid': '604a1b405514f1bbec46956a'},1370000438427332614,2021-03-11 15:15:32,fear,I was always taught â€œI before E except after Câ€ but there are so many exceptions. â˜¹ï¸,I was always taught â€œI before E except after Câ€ but there are so many exceptions. â˜¹ï¸
1370000439702343682,{'$oid': '604a1b405514f1bbec46956b'},1370000439702343682,2021-03-11 15:15:32,surprise," It's awful isn't it ğŸ˜  should not be like this, in this day and age.","@megnate2 It's awful isn't it ğŸ˜  should not be like this, in this day and age."
1370000456076890114,{'$oid': '604a1b415514f1bbec46956f'},1370000456076890114,2021-03-11 15:15:36,fear,The Government has been getting away with misconduct. Today letâ€™s not fail our brother #MthokozisiNtumba we donâ€™t want commâ€¦,RT @Shonny_RSA: The Government has been getting away with misconduct. Today letâ€™s not fail our brother #MthokozisiNtumba we donâ€™t want commâ€¦
1370000478587645958,{'$oid': '604a1b415514f1bbec469570'},1370000478587645958,2021-03-11 15:15:42,fear,"This types of mentality shows that, they have anti hindus thinking. ğŸ™„","This types of mentality shows that, they have anti hindus thinking. ğŸ™„"
1370000483566370816,{'$oid': '604a1b415514f1bbec469571'},1370000483566370816,2021-03-11 15:15:43,fear,Why you should always carry some form of defence while walking your dog. Carry a walking stick or large umbrella anythiâ€¦,RT @goldenlily2017: Why you should always carry some form of defence while walking your dog. Carry a walking stick or large umbrella anythiâ€¦
1370000488557654016,{'$oid': '604a1b415514f1bbec469572'},1370000488557654016,2021-03-11 15:15:44,anger,"So whatâ€™s the purpose of being alive?? 

The lockdown â€˜shit showâ€™ continues ğŸ˜¡","RT @DrAseemMalhotra: So whatâ€™s the purpose of being alive?? 

The lockdown â€˜shit showâ€™ continues ğŸ˜¡"
1370000500175822853,{'$oid': '604a1b415514f1bbec469574'},1370000500175822853,2021-03-11 15:15:47,fear,I went to bed early & im still sleepy â˜¹ï¸,RT @ohthatslilbri_: I went to bed early &amp; im still sleepy â˜¹ï¸
1370000514478379015,{'$oid': '604a1b415514f1bbec469575'},1370000514478379015,2021-03-11 15:15:50,surprise,Thatâ€™s exactly right. Itâ€™s disgraceful,RT @GenMhayden: Thatâ€™s exactly right. Itâ€™s disgraceful
1370000516550377475,{'$oid': '604a1b415514f1bbec469576'},1370000516550377475,2021-03-11 15:15:51,fear,"â˜¹ï¸ Skylar cried when I dropped her off to school today , I was hurtttt ğŸ˜©ğŸ¤£","â˜¹ï¸ Skylar cried when I dropped her off to school today , I was hurtttt ğŸ˜©ğŸ¤£"
1370000522816655364,{'$oid': '604a1b415514f1bbec46957a'},1370000522816655364,2021-03-11 15:15:52,surprise," He hadn't spoken to his brother, but he's saying his brother is lying ğŸ¤¦â€â™€ï¸ What a disgusting family ğŸ¤®  https://t.co/BQi28glTQo","@NBCNews He hadn't spoken to his brother, but he's saying his brother is lying ğŸ¤¦â€â™€ï¸ What a disgusting family ğŸ¤® Harrâ€¦ https://t.co/BQi28glTQo"
1370000537123438597,{'$oid': '604a1b415514f1bbec46957c'},1370000537123438597,2021-03-11 15:15:56,fear,"Why does no one in Ontario care that itâ€™s being destroyed? 

Does no one want to go back to normal? 

F me this is frustratinâ€¦","RT @thereds8: Why does no one in Ontario care that itâ€™s being destroyed? 

Does no one want to go back to normal? 

F me this is frustratinâ€¦"
1370000549261668355,{'$oid': '604a1b415514f1bbec469580'},1370000549261668355,2021-03-11 15:15:58,fear,"This is why you have to send her 2 million when she says sheâ€™s doing her nails ğŸ¤ğŸ¾

Tbh angazi cause Iâ€™m a broke boyâ€¦ https://t.co/90FZ3hvx1W","This is why you have to send her 2 million when she says sheâ€™s doing her nails ğŸ¤ğŸ¾

Tbh angazi cause Iâ€™m a broke boyâ€¦ https://t.co/90FZ3hvx1W"
